,council,2000-01,2001-02,2002-03,2003-04,2004-05,2005-06,2006-07,2007-08,2008-09,2009-10,2010-11,% Increase,name,title,09-10,10-11,change,details
0,Aberdeen City,873.0,934.0,981.0,1020.0,1108.0,1162.0,1196.0,1230.0,1230.0,1230.0,1230.0,40.87,Sue Bruce,Chief Executive ,170086,129698,-23.75,"Salary, fees & allowances £107,272; Compensation for loss of employment £1909; Pension contribution £20,517. The value of compensation for loss of employment is in relation to pay in lieu of holidays. Left 31 December 2010"
1,Aberdeenshire,777.0,855.0,919.0,966.0,1014.0,1065.0,1113.0,1141.0,1141.0,1141.0,1141.0,46.85,Colin Mackenzie,Chief Executive,159662,170600,6.85,"Gross salary, fees & allowances £143,121; Pension contributions £27,479"
2,Adur,163.52,176.82,194.2,214.98,225.83,234.72,245.98,258.34,270.11,280.44,286.94,75.48,,Chief Executive (Shared with Worthing BC),135589,135656,0.05,"Salary incl fees & allowances £115,510; Expense allowance £98; Benefit in kind £1,433; Pension contribution £18,713. This post is shared with Worthing BC, they contributed £67,828 towards the cost"
3,Allerdale,119.4,125.11,130.16,137.22,143.84,148.73,154.11,159.67,168.88,175.22,180.99,51.58,,Chief Executive,117966,122055,3.47,"Salary (including fees and allowances) £99,999.96; Expense allowances £2,455.50; Pension contributions £19,599.96"
4,Amber Valley,128.27,137.65,145.64,148.67,153.58,160.44,164.98,171.42,178.26,183.37,186.1,45.08,,Chief Executive,118000,124000,5.08,"Salary, fees & allowances (including returning officer fees) £101,000; Pension contributions £22,000; Benefits in kind £1,000"
5,Angus,771.0,821.0,881.0,933.0,985.0,1037.0,1072.0,1072.0,1072.0,1072.0,1072.0,39.04,D Sawers,Chief Executive,155422,145076,-6.66,"Salary, fees & allowances £116,523; Non-cash expenses £5,967; Pension contributions £22,586. Left post on 9 March 2011. This includes £2,039 in relation to elections Returning Officer duties for which the Council is reimbursed. 2010-11 full year equivalent total of salary, fees & allowances is £123,719 (incl. Returning Officer fees)"
6,Arun,135.07,141.25,152.61,163.61,175.19,184.2,193.38,199.97,208.67,214.64,219.47,62.49,,Chief Executive,146683,149580,1.98,"Salary and allowances £116,531; Expenses allowances £5,796; Pension contribution £27,253"
7,Ashfield,125.67,132.79,140.65,144.69,148.23,152.75,157.19,161.72,164.96,169.14,172.53,37.29,,Chief Executive,107322,116400,8.46,"Salary £91,250; Expenses £1,198; Benefits in kind £3,512; Pension contributions £20,440. Salary from 1 April 2010 to 30 September 2010 was £90,000, then from 1 October 2010 increased to £92,500."
8,Ashford,94.0,98.63,107.11,112.48,119.19,125.7,131.33,137.48,144.47,151.39,157.62,67.68,,Chief Executive,62916,135353,115.13,"Salary (including fees & allowances) £104,854.91; Benefits in kind £2,797.24; Pension contributions £27,700.64. Started 28 September 2009"
9,Aylesbury Vale,109.43,118.42,128.69,137.92,149.23,158.69,171.6,179.37,190.31,197.4,200.84,83.53,A Grant,Chief Executive,181000,174000,-3.87,"Salary (including fees & allowances) £142,000; Pension contributions £32,000"
10,Babergh,129.53,133.94,143.96,158.03,161.72,169.0,173.72,181.09,189.01,196.47,200.83,55.05,,Chief Executive,146945,140543,-4.36,"Salary, fees and allowances £120,507; Expenses/Benefits in kind £702; Pension contribution £19,334"
11,Barnet,691.91,723.41,741.5,910.21,972.43,991.28,1010.82,1046.24,1082.75,1113.2,1113.2,60.89,N Walkley ,Chief Executive,249210,250818,0.65,"Salary (including fees & allowances) £200,976; Pension contributions £49,842"
12,Barnsley,757.17,806.49,840.97,906.95,955.16,1005.66,1054.56,1105.26,1148.58,1177.34,1207.36,59.46,,Chief Executive,161000,167000,3.73,"Salary £138,000; Expenses Allowances £3,000; Pension Contributions £26,000"
13,Barrow-in-Furness,155.27,160.77,169.13,172.66,180.04,185.46,192.8,194.06,198.22,206.6,206.64,33.08,,Chief Executive,110000,111000,0.91,"Salary £99,000; Employers pension contribution £12,000"
14,Basildon,153.64,165.26,180.99,199.14,208.58,218.44,228.13,236.2,246.64,255.71,259.14,68.67,Bala Mahendran,Chief Executive,227968,232820,2.13,"Salary, Fees and Allowances £175,128; Performance Related Pay £28,442; Expense Allowance £3,000; Benefits in Kind £1,545; Pension Contribution £24,705"
15,Bassetlaw,112.97,118.08,123.41,142.67,147.43,152.42,157.06,162.88,168.33,173.73,174.78,54.71,,Chief Executive,137152,137476,0.24,"Salary (including Fees & Allowances) £114,880; Pension Contribution £22,596"
16,Bexley,679.31,731.12,764.08,878.04,944.27,988.75,1027.0,1057.81,1089.54,1117.18,1128.59,66.14,Will Tuckley,Chief Executive,250627,258782,3.25,"Salary £185,747; Expenses £2,682; Benefits in Kind £10,819; Pension Contribution £40,957; Additional election fees paid for elections May 2010 of £18,577"
17,Birmingham,853.74,891.4,930.68,971.65,986.14,1013.84,1033.13,1052.78,1072.8,1093.2,1113.97,30.48,Stephen Hughes,Chief Executive,233097,228490,-1.98,"Salary £198,925; Pension Contribution £29,565"
18,Blaby,130.9,138.49,146.78,156.52,163.85,171.48,177.49,183.46,195.52,203.52,208.56,59.33,,Chief Executive,110064,109699,-0.33,"Salary £89,125; Expenses £87; Benefits in Kind £3,776; Pension Contribution £16,711"
19,Blackburn with Darwen,902.96,943.63,986.09,1073.87,1062.0,1114.03,1153.0,1198.05,1220.89,1244.61,1271.38,40.80,Graham Burgess,Chief Executive _ BwD Council/Care Trust Plus,183000,183000,0.0,"Salary £158,000; Expenses £1,000; Pension Contribution £24,000. From 1st August 2010, the post of Chief Executive assumed responsibility for both Blackburn with Darwen Borough Council and Blackburn with Darwen Teaching Care Trust Plus, and 30% of the salary costs have been charged to the Care Trust Plus."
20,Blackpool,662.65,742.58,877.03,990.41,1028.38,1079.23,1127.02,1175.89,1222.29,1268.79,1306.09,97.10,,Chief Executive,168039,169350,0.78,"Salary £143,832; Expenses £963; Benefits in Kind £1,254; Pension contribution £23,301"
21,Blackpool,662.65,742.58,877.03,990.41,1028.38,1079.23,1127.02,1175.89,1222.29,1268.79,1306.09,97.10,,Chief Executive - RE-Blackpool,175995,195304,10.97,"Salary £138,891; Expenses £7,200; Compensation for loss of office £21,220; Benefits in kind £5,493; Pension contributions £22,500. The post was disestablished on 31st March 2011."
22,Blaenau Gwent,727.41,796.46,878.85,975.53,1037.78,1101.29,1156.76,1215.31,1263.7,1325.12,1381.69,89.95,,Chief Executive,141175,163624,15.9,"Salary £111,866; Expenses £148; Benefits in Kind £1,132; Pension contribution £25,394; Compensation £25,084"
23,Bolsover,161.03,167.39,177.15,186.58,200.06,210.4,223.96,232.65,243.6,251.14,257.36,59.82,,Chief Executive,110869,112848,1.78,"Salary £89,958; Expenses £3,490; Benefits in Kind £433; Pension contribution £18,967"
24,Bolton,835.36,886.06,929.33,986.71,1020.84,1065.88,1118.26,1157.26,1157.53,1202.51,1217.38,45.73,Sean Harriss,Chief Executive,190647,196860,3.26,"Salary £170,000; Pension Contribution £26,860"
25,Boston,110.02,115.77,130.15,140.37,154.08,158.72,166.65,174.52,179.85,180.13,182.37,65.76,,Chief Executive,91932,107700,17.15,"Salary (including fees and allowances) £107,700. Resigned on 31 August 2009, New CE posted on an interim consultancy basis"
26,Bournemouth,679.91,747.68,859.05,985.91,1004.59,1049.34,1085.46,1120.63,1175.94,1222.29,1258.29,85.07,,Chief Executive,149343,149749,0.27,"Salary £125,481; Expenses £1,576; Pension Contribution £22,692"
27,Bracknell Forest,676.15,734.23,796.42,857.15,883.27,926.76,973.39,1020.27,1070.79,1122.61,1155.04,70.83,T Wheadon,Chief Executive,182600,187200,2.52,"Salary £161,500; Expenses £1,400; Pension Contribution £24,300"
28,Bradford,750.04,794.29,825.5,889.06,917.4,954.0,992.46,1040.29,1063.44,1090.0,1100.0,46.66,Tony Reeves,Chief Executive,223760,227234,1.55,"Salary £196,908; Expenses £1,239; Pension Contribution £29,087"
29,Braintree,122.47,127.13,137.39,145.96,154.49,162.52,170.81,177.86,185.8,189.81,194.41,58.74,,Chief Executive,147000,149000,1.36,"Salary £130,000; Benefits £2,000; Pension Contribution £17,000"
30,Brent,616.83,648.61,703.96,850.65,899.83,929.52,950.13,995.58,1033.11,1058.94,1058.94,71.67,G Daniel,Chief Executive,233870,232646,-0.52,"Salary £203,853; Pension Contribution £28,793"
31,Bridgend,702.01,768.4,828.9,909.93,949.19,994.9,1034.728405,1085.17,1128.33,1184.12,1240.56,76.72,,Chief Executive,170310,169469,-0.49,"Salary £131,178; Expenses £495; Benefits £10,267; Pension Contribution £27,529"
32,Bristol,931.53,931.53,987.42,1058.96,1063.73,1116.2,1171.0,1223.0,1272.0,1312.7,1338.95,43.74,J Ormondroyd,Chief Executive,220457,222133,0.76,"Salary £189,533; Pension Contribution £32,600"
33,Broadland,100.32,107.75,118.14,127.92,137.51,143.46,149.57,154.93,161.37,165.28,169.39,68.85,,Chief Executive,135371,130264,-3.77,"Salary £109,110; Expenses £454; Pension Contribution £20,700"
34,Bromley,612.68,675.5,706.23,748.59,799.16,838.34,871.67,913.73,953.33,979.16,991.31,61.80,D Patterson,Chief Executive,202760,202295,-0.23,"Salary £177,135; Pension Contribution £25,160"
35,Broxbourne,72.24,75.49,79.26,86.39,90.71,95.15,99.81,104.7,109.41,113.24,113.24,56.76,,Chief Executive ,134080,132147,-1.44,"Salary £114,215; Pension Contribution £17,932"
36,Broxtowe,118.38,125.0,141.37,143.95,149.27,153.13,158.31,164.18,171.27,178.23,184.34,55.72,,Chief Executive,124328,127448,2.51,"Salary £108,129; Pension Contribution £19,319"
37,Buckinghamshire,645.7,680.51,741.42,851.15,857.62,889.46,933.04,975.03,1018.91,1056.61,1077.74,66.91,Chris Williams,Chief Executive,258868,259104,0.09,"Salary £207,000; Benefit in kind £4,770; Pension contribution £47,334"
38,Burnley,167.1,180.35,192.08,202.42,212.78,219.29,224.96,233.02,242.32,253.93,258.99,54.99,Steve Rumbelow,Chief Executive,135404,135432,0.02,"Salary £112,728; Elections £6,806; Pension Contribution £15,898"
39,Bury,758.79,815.27,868.74,951.98,975.78,1022.13,1071.49,1124.52,1162.75,1218.45,1259.75,66.02,M Sanders,Chief Executive,192982,173735,-9.97,"Salary £146,927; Benefit in kind £883; Pension Contribution £25,925. Retired 28 February 2011"
40,Caerphilly,670.22,696.62,755.73,825.01,861.81,902.2,946.39,992.93,1028.88,1056.52,1088.56,62.42,,Chief Executive,161229,117926,-26.86,"Salary £103,531; Expenses £572; Pension Contribution £13,823. Retired September 2010"
41,Caerphilly,670.22,696.62,755.73,825.01,861.81,902.2,946.39,992.93,1028.88,1056.52,1088.56,62.42,,Chief Executive (Formerly Director of Environment),119455,136639,14.39,"As Director of Environment: Salary £51,924; Expenses £737; Pension contribution £10,904. As Chief Executive: Salary £59,838; Expenses £670; Pension Contribution £12,566. Director of Environment took over as Chief Executive and post was removed"
42,Calderdale,827.13,870.54,912.7,1003.41,1037.78,1086.01,1138.57,1193.6,1224.34,1246.05,1233.77,49.16,,Chief Executive,166000,170000,2.41,"Salary £147,000; Expenses £1,000; Pension Contribution £22,000"
43,Cambridge,115.14,114.0,116.62,126.59,131.65,136.92,142.4,148.81,155.51,162.51,166.57,44.67,A Jackson,Chief Executive,107342,134399,25.21,"Salary £113,252; Expenses £82; Pension Contribution £21,065. Started 10 June 2009"
44,Cambridgeshire,618.66,668.07,730.53,797.4,813.24,845.82,888.12,932.49,979.11,1017.27,1047.78,69.36,Mark Lloyd,Chief Executive,230456,233200,1.19,"Salary £195,966; Pension Contribution £37,234"
45,Camden,766.53,799.16,832.29,933.14,959.13,978.06,996.85,996.86,1021.76,1021.76,1021.77,33.30,Gib M,Chief Executive,241440,236869,-1.89,"Salary £199,961; Bonus £5,000; Pension £31,908"
46,Cannock Chase,136.03,148.83,150.66,164.76,172.44,181.24,186.9,194.22,200.23,210.38,216.13,58.88,,Chief Executive,136053,138367,1.7,"Salary £114,823; Benefits £963; Pension £22,581"
47,Canterbury,107.7,114.07,123.85,135.0,151.05,156.93,163.85,168.86,177.96,185.39,189.58,76.03,,Chief Executive,146000,161000,10.27,"Salary £135,000; Pension £26,000"
48,Cardiff,632.78,691.46,748.4,840.7,871.9,872.1,909.98,948.62,984.08,1027.63,1060.88,67.65,Jonathan House,Chief Executive,0,124492,0.0,"Salary £102,886; Pension £21,606 - started 1st Sept 2010"
49,Cardiff,632.78,691.46,748.4,840.7,871.9,872.1,909.98,948.62,984.08,1027.63,1060.88,67.65,Trefor Thomas Morgan,Chief Executive,177001,139575,-21.14,"Salary £88,188; Compensation £32,868; Pension £18,519. Left on voluntary leave 30 September 2010 on annual salary of £176,376"
50,Cardiff,632.78,691.46,748.4,840.7,871.9,872.1,909.98,948.62,984.08,1027.63,1060.88,67.65,Byron Davis,Chief Executive- Returning Officer,163404,0,0.0,Left 30 November 2009.
51,Carlisle,138.35,147.24,158.11,164.02,169.04,174.96,181.03,188.55,195.04,202.01,206.03,48.92,,Chief Executive,130000,131000,0.77,"Salary £104,000; Benefits £9,000; Pension £18,000"
52,Carmarthenshire,723.86,747.4,801.17,867.27,907.1,941.29,987.75,1032.74,1074.33,1111.05,1144.76,58.15,M V James,Chief Executive,188018,189178,0.62,"Salary £165,349; Expenses £2,234; Pension £21,595"
53,Castle Point,147.96,160.56,174.06,184.5,189.99,199.44,199.44,212.75,220.79,231.33,237.99,60.85,David Marchant,Chief Executive,186293,180200,-3.27,"Salary £159,873; Pension £20,327"
54,Ceredigion,723.35,760.61,801.69,846.7,883.19,901.35,931.84,969.45,1016.99,1067.17,1097.25,51.69,,Chief Executive,118571,122797,3.56,"Salary £105,523; Benefits £1,257; Pension £16,017"
55,Charnwood,119.0,123.15,130.63,137.51,146.86,149.43,149.54,156.3,163.97,170.05,173.26,45.60,,Chief Executive,109059,138663,27.14,"Salary £115,735; Benefits £508; Pension £22,420"
56,Chelmsford,126.37,134.54,141.52,146.26,153.3,158.92,165.15,171.73,179.04,189.32,195.85,54.98,S Packham,Chief Executive,189116,131347,-30.55,"Salary £129,444; Pension £617; Benefits £1,286"
57,Cheltenham,121.13,128.27,132.95,151.46,159.07,165.35,170.34,174.81,180.85,186.21,190.88,57.58,,Chief Executive,127690,138066,8.13,"Salary £108,083; Expenses £1,347; Benefits £1,267; Other Payments £10,061; Pension £17,308"
58,Cherwell,117.97,132.91,136.72,162.18,169.87,175.97,183.9,190.33,195.6,201.34,203.18,72.23,,Chief Executive,138056,112420,-18.57,"Salary £81,458; Fees £5,917; Any other emoluments £44; Expenses £6,310; Pension £18,691. Left 16 January 2011"
59,Chesterfield,102.82,107.39,112.56,116.78,120.11,123.75,129.82,134.84,141.39,147.13,151.32,47.17,,Chief Executive,124868,124630,-0.19,"Salary £103,503; Benefits £468; Pension £20,659"
60,Chichester,116.58,121.59,132.32,139.83,143.29,148.03,151.98,158.44,164.73,169.87,173.89,49.16,,Chief Executive,138375,134536,-2.77,"Salary £115,557; Benefits £5,574; Pension £13,405"
61,Chiltern,126.12,133.17,144.4,157.56,170.72,179.34,185.19,192.35,201.06,208.45,214.43,70.02,,Chief Executive,132149,132061,-0.07,"Salary £106,379; Expenses £306; Benefits £388; Pension £24,988"
62,Chorley,115.37,124.16,134.79,155.06,166.6,175.59,186.94,187.26,191.18,196.58,196.48,70.30,,Chief Executive ,157144,158004,0.55,"Salary £123,212; Expenses £11,628; Pension £23,164"
63,Christchurch,86.73,86.73,116.32,118.45,135.98,142.5,149.46,156.9,163.96,170.58,175.64,102.51,,Chief Executive,100687,182960,81.71,"Salary £63,999; Compensation £110,227; Pension £8,734"
64,Clackmannanshire,913.0,951.0,978.0,995.0,1043.0,1074.0,1127.0,1148.0,1148.0,1148.0,1148.0,25.74,Angela Leitch,Chief Executive,117909,118289,0.32,"Salary, fees & allowances £97,095; Returning Officer Fee £3,350; Pension contributions £17,224; Pension contributions as returning officer £620"
65,Colchester,112.12,120.51,130.01,146.04,156.42,162.82,167.14,174.58,180.0,185.15,190.62,70.01,,Chief Executive,131518,133813,1.75,"Salary, fees & allowances £118,372; Pension contributions £15,441"
66,Conwy,551.2,599.73,655.25,729.51,776.94,826.77,867.72,914.9,959.74,1006.96,1049.64,90.43,,Chief Executive,147452,139032,-5.71,"Salary £114,435; Expense reimbursement £1,596; Pension contributions £23,001"
67,Conwy,551.2,599.73,655.25,729.51,776.94,826.77,867.72,914.9,959.74,1006.96,1049.64,90.43,,Acting Chief Executive  (Formerly Corporate Director Resources),112145,133319,18.88,"Salary £107,283; Expense reimbursement £4,472; Pension contributions £21,564"
68,Corby,110.53,115.44,132.36,138.92,145.83,152.74,157.46,162.22,168.45,174.85,180.31,63.13,,Chief Executive,120814,123239,2.01,"Salary including fees & allowances £98,355; Pension contributions £24,884"
69,Cornwall,621.64,655.45,711.4,781.65,837.85,879.74,923.73,969.82,1017.73,0.0,0.0,#VALUE!,Kevin Lavery,Chief Executive,238800,245342,2.74,"Salary, fees & allowances £197,500; Expenses allowance £9,527; Pension contributions £38,315. Will draw 95 per cent of salary from 01 January 2011. Expenses primarily in relation to relocation"
70,Coventry,936.06,977.0,1019.22,1064.08,1090.68,1133.23,1172.87,1212.75,1245.5,1292.82,1323.86,41.43,Martin Reeves,Chief Executive,221949,216854,-2.3,"Salary (including fees & allowances) £186,301; Pension contributions £30,553"
71,Craven,125.04,131.74,142.18,153.5,159.8,168.26,175.74,183.11,183.78,192.4,198.86,59.04,,Chief Executive,118655,124998,5.35,"Salary, fees and allowances £95,000; Bonuses £4,500; Expense allowances and other benefits in kind £722; Pension contributions £24,776"
72,Crawley,120.6,126.0,141.12,153.9,162.36,170.37,175.32,178.83,182.43,186.03,187.83,55.75,,Chief Executive,142363,135057,-5.13,"Salary, fees & allowances £113,914; Benefits in kind £4,940; Pension contribution £16,203"
73,Croydon,684.74,672.99,679.65,862.07,924.14,970.25,1013.33,1053.76,1095.81,1137.89,1150.11,67.96,Jon Rouse,Chief Executive,246810,248362,0.63,"Basic salary £188,976; Returning officer fee £15,544; Pension contributions £43,842"
74,Cumbria,705.26,737.0,795.96,890.43,928.3,971.16,1019.43,1070.3,1112.04,1139.84,1161.5,64.69,Jill Stannard,Chief Executive,186705,201941,8.16,"Salary £170,000; Benefits in kind £321; Pension contributions £31,620"
75,Cumbria,705.26,737.0,795.96,890.43,928.3,971.16,1019.43,1070.3,1112.04,1139.84,1161.5,64.69,Peter Stybelski,Chief Executive,464113,0,0.0,Granted ill health retirement on 31 August 2009
76,Dacorum,103.88,110.06,120.71,129.42,141.53,148.02,154.39,160.54,167.7,175.7,180.66,73.91,,Chief Executive,151152,153528,1.57,"Salary (including fees & allowances) £132,630; Expense allowances £317; Pension contributions £20,581"
77,Darlington,688.19,774.0,870.82,923.1,933.66,978.65,1021.65,1061.56,1113.9,1152.8,1153.15,67.56,Ada Burns,Chief Executive,188060,187573,-0.26,"Salary £156,720; Expenses allowances £1,860; Pension contributions £28,993"
78,Denbighshire,732.54,774.32,843.13,944.82,1006.98,1051.3,1078.33,1122.53,1162.43,1200.75,1232.31,68.22,,Chief Executive,140742,160414,13.98,"Salary (including fees & allowances) £131,667; Pension contributions £28,747"
79,Derby,756.18,797.78,836.88,903.82,903.82,943.99,966.66,1014.41,1065.13,1099.75,1127.21,49.07,A Wilkinson,Chief Executive,128712,188798,46.68,"Salary, fees and allowances £160,159; Expenses allowances £159; Pension contribution £28,480. Started 27 July 2009"
80,Derbyshire,733.29,777.25,846.44,913.68,896.87,917.05,958.32,996.12,1030.98,1061.3,1077.22,46.90,Mr Nick Hodgson,Chief Executive,179644,178927,-0.4,"Salary £151,056; Benefits £379; Pension contributions £27,492"
81,Derbyshire Dales,129.67,136.54,144.35,170.6,179.39,186.31,195.87,204.33,214.67,221.75,228.78,76.43,,Chief Executive,148000,148000,0.0,"Salary, fees and allowances £118,000; Benefit in kind £5,000; Pension contributions £25,000"
82,Devon,651.34,699.93,766.44,904.05,900.36,931.86,977.49,1023.93,1063.89,1094.67,1116.36,71.39,,Chief Executive,179855,172720,-3.97,"Salary, fees and allowances £149,995; Expenses allowances £226; Pension contribution £22,499"
83,Doncaster,705.52,758.03,802.62,901.45,944.34,945.02,971.11,1006.23,1046.13,1090.63,1122.83,59.15,R Vincent,Chief Executive,0,158016,0.0,"Gross salary £132,120; Pension contribution £25,896. Started July 2010 on secondment from Kirklees Council. It was agreed between the authorities that Doncaster should includethe remuneration in their notes"
84,Dorset,688.14,725.58,792.63,915.57,918.0,952.92,999.99,1048.95,1096.2,1134.54,1168.29,69.78,David Jenkins,Chief Executive,197000,201000,2.03,"Salary £164,000; Taxable expenses £1,000; Benefit in kind £5,000; Pension £31,000"
85,Dover,119.5,125.05,135.9,142.83,152.02,159.4,168.95,178.44,189.89,198.55,204.52,71.15,,Chief Executive,136000,141000,3.68,"Salary (including fees & allowances) £121,000; Expense allowances (including fuel) £3,000; Pension contributions £17,000"
86,Dudley,752.27,808.72,851.71,900.81,914.46,939.25,962.53,1009.23,1057.97,1108.65,1125.39,49.60,J Polychronakis,Chief Executive,181000,181000,0.0,"Salary £161,000; Pension contributions £20,000. The salary  included payments of £4,000 for additional duties which were recharged to the Black Country Consortium"
87,Dundee City,1056.0,1046.0,1079.0,1089.0,1135.0,1180.0,1211.0,1211.0,1211.0,1211.0,1211.0,14.68,David K Dorward,Chief Executive,140074,167114,19.3,"Salary, fees & allowances £138,743; Benefits other than in cash £2,704; Pension contributions £25,667. Started 1 October 2009"
88,Durham,692.19,720.9,827.55,903.42,884.16,924.84,967.41,995.49,1024.38,0.0,0.0,#VALUE!,George Garlick,Chief Executive,242485,243728,0.51,"Salary, fees and allowances £200,000; Expenses allowances £828; Pension contributions £42,900"
89,Ealing,633.17,672.57,711.12,889.6,950.31,996.0,1020.81,1040.22,1059.93,1059.93,1059.93,67.40,Martin Smith,Chief Executive,58636,183854,213.55,"Salary (including fees and allowances) £183,854. Started 25 November 2009"
90,East Ayrshire,878.0,922.0,967.0,1014.0,1064.0,1116.0,1171.0,1189.0,1189.0,1189.0,1189.0,35.36,F Lees,Chief Executive,145753,145638,-0.08,"Salary, fees and allowances £123,213; Pension contributions £22,425"
91,East Cambridgeshire,87.0,91.99,132.55,142.2,149.0,153.89,160.02,165.62,171.6,180.02,185.59,113.32,,Chief Executive,153539,158365,3.14,"Salary (including fees & allowances) £124,605; Expense allowances £786; Benefits in kind £8,676; Pension contribution £24,298"
92,East Devon,94.79,99.35,106.44,113.08,119.68,127.54,131.8,137.8,145.02,146.59,153.88,62.34,,Chief Executive (Shared with South Somerset DC),128745,142453,10.65,"Salary, fees & allowances £121,303; Expense allowances £3,000; Pension contributions £18,150. Provides services to both this council and South Somerset district Council. Formerly employed by this council and 50% of the salary is recharged"
93,East Dorset,115.58,126.33,149.33,155.5,172.57,181.1,189.92,200.49,212.46,222.68,228.87,98.02,,Chief Executive,77390,123632,59.75,"Salary £105,556; Other payments £1,845; Pension contributions £16,231. Began in post 1 August 2009"
94,East Dunbartonshire,830.0,872.0,915.0,966.0,1033.0,1078.0,1121.0,1142.0,1142.0,1142.0,1142.0,37.57,Gerry Cornes,Chief Executive,143504,145386,1.31,"Salary, fees & allowances £119,223; Taxable expenses £834; Other remuneration £3,032; Pension contributions £22,297"
95,East Hertfordshire,111.27,123.95,138.92,155.84,166.65,177.99,189.78,201.03,208.82,215.23,219.94,97.66,,Chief Executive,194278,155936,-19.74,"Salary (inc expense allowance) 98,918; Benefits in kind £2,102; Pension contributions £54,916"
96,East Lindsey,95.32,99.42,107.97,111.6,114.63,118.54,121.46,126.63,133.58,137.9,142.58,49.58,Nigel Howells,Chief Executive,159838,157371,-1.54,"Salary, fees and allowances £128,386; Expenses allowances £4,292; Pension contributions £24,693"
97,East Lothian,858.0,909.0,955.0,993.0,1043.0,1069.0,1096.0,1118.0,1118.0,1118.0,1118.0,30.26,Alan Blackie,Chief Executive,136443,136203,-0.18,"Salary, fees & allowances £113,096; Taxable expenses £699; Pension contributions £22,408"
98,East Northamptonshire,119.52,123.47,129.19,139.62,148.88,155.4,160.53,165.03,173.7,181.95,188.09,57.37,,Chief Executive,130998,132081,0.83,"Salary including fees & allowances £102,017; Expense allowances £216; Benefits in kind £4,758; Pension contributions £25,090"
99,East Renfrewshire,810.0,859.0,910.0,955.0,1003.0,1053.0,1105.0,1126.0,1126.0,1126.0,1126.0,39.01,Lorraine McMillan,Chief Executive,120299,123257,2.46,"Salary, fees and allowances £111,588; Expenses allowances £960; Pension contributions £10,709"
100,East Riding of Yorkshire,863.54,906.19,957.92,995.88,992.24,1041.27,1092.54,1135.57,1191.97,1237.8,1255.52,45.39,Nigel Pearson,Chief Executive,201000,202000,0.5,"Salary, fees & allowances £170,000; Expense allowances £6,000; Pension contributions £26,000"
101,East Staffordshire,139.8,149.32,158.15,167.8,178.56,187.63,193.49,198.81,205.3,210.72,217.18,55.35,,Chief Executive,128535,151439,17.82,"Salary (including fees & allowances) £115,983; Contractual re-location expenses £15,551; Benefits in kind £1,113; Pension contributions £18,792"
102,East Sussex,674.98,741.38,777.69,930.43,919.92,958.95,1004.1,1047.69,1089.0,1127.49,1158.3,71.61,Becky Shaw,Chief Executive,0,198747,0.0,"Salary, fees and allowances £166,874; Pension contributions £31,873"
103,East Sussex,674.98,741.38,777.69,930.43,919.92,958.95,1004.1,1047.69,1089.0,1127.49,1158.3,71.61,Cheryl Miller,Chief Executive,233239,213716,-8.37,"Salary, fees and allowances £15,092; Expenses allowances (incl benefits in kind) £70; Pension contributions £198,554. Employerês Pension Contributions includes 3 years Augmentation on retirement (with effect 30 April 2010) with a cost to the employer of £195,671.56 (This figure excludes normal employer contribution of £2,882.57)"
104,Eastbourne,121.01,125.51,131.14,181.32,190.2,194.0,198.85,203.82,211.57,218.85,224.19,85.27,,Chief Executive,129790,128333,-1.12,"Salary, fees and allowances £102,767; Expenses allowances £3,643; Pension contributions £21,923"
105,Eastleigh,131.51,142.31,151.44,158.32,163.1,165.81,169.05,173.94,178.6,182.4,188.34,43.21,,Chief Executive,129703,127912,-1.38,"Salary including fees & allowances £107,399; Pension contributions £20,513"
106,Eden,124.37,129.96,136.84,143.86,148.61,154.5,162.07,171.42,180.16,188.61,194.73,56.57,,Chief Executive,105601,109943,4.11,"Salary £88,188; Expenses and allowances £4,901; Pension contributions £16,854"
107,Elmbridge,118.4,124.6,136.42,163.65,174.99,183.01,190.68,190.67,190.66,199.96,199.97,68.89,,Chief Executive (Head of Paid Services),162893,157877,-3.08,"Salary (including fees & allowances) 122,982; Elections £7,229; Expenses allowances £8,853; Pension contributions £18,813"
108,Enfield,674.32,733.85,781.1,898.28,951.66,974.25,998.55,1033.02,1073.7,1100.34,1100.34,63.18,Rob Leak,Chief Executive,248442,231604,-6.78,"Salary, fees and allowances £189,528; Performance related pay £4,738; Expenses allowances £428; Pension contributions £36,911. Declined to accept the performance related pay to which they were entitled from 1 July 2010, although Annual Accounts include the figure reflecting full remuneration package entitlement"
109,Epping Forest,119.13,133.01,145.78,162.9,169.33,176.27,183.32,191.35,195.4,200.92,205.2,72.25,Peter Haywood,Chief Executive,171461,170660,-0.47,"Salary (including fees & allowances; and Compensation for loss of employment) £162,904; Benefits in kind £1,816; Pension contributions £5,940. Left the post on 20 July 2010 and received compensation for loss of office of £73,764"
110,Epping Forest,119.13,133.01,145.78,162.9,169.33,176.27,183.32,191.35,195.4,200.92,205.2,72.25,,Acting Chief Executive,0,122819,0.0,"Salary (including fees & allowances) £105,066; Benefits in kind £3,989; Pension contributions £13,764"
111,Erewash,111.71,121.22,128.4,132.37,142.58,149.47,157.02,160.87,167.01,171.4,171.54,53.56,,Chief Executive,134503,134559,0.04,"Salary £110,234; Benefit in kind £1,286; Pension contribution £23,039"
112,Essex,648.0,699.48,767.88,896.4,891.54,917.73,960.39,1003.95,1046.61,1066.5,1086.75,67.71,Ms Joanna Killian,Chief Executive,267442,271060,1.35,"Salaries fees or allowances £233,000; Bonus payment £6,900; Expense allowances/benefits £815; Pension contributions £30,345. Shared by Brentwood Borough Council"
113,Exeter,82.51,86.22,92.69,97.94,102.74,104.32,106.93,110.03,114.98,119.46,124.84,51.30,,Chief Executive,141265,125816,-10.94,"Remuneration £104,343; Expenses £83; Pension contributions £21,390"
114,Falkirk,757.0,813.0,863.0,906.0,951.0,999.0,1045.0,1070.0,1070.0,1070.0,1070.0,41.35,Mary Pitcaithly,Chief Executive,157369,155912,-0.93,"Salary, fees & allowances £129,062; Other amounts £2,894; Pension contributions £23,420; Returning Officer Duty £536"
115,Fareham,102.42,105.39,110.61,120.24,123.3,126.27,128.7,132.57,136.53,140.22,140.22,36.91,,Chief Executive Officer,128000,121835,-4.82,"Salary (incl fees & allowances) £102,296; Pension contributions £19,539"
116,Fenland,111.53,118.38,145.98,195.33,211.17,218.9,226.04,235.98,245.85,256.86,264.33,137.00,,Chief Executive A,202580,400616,97.76,"Gross salary £71,252; Compensation for loss of office £299,148; Benefits in kind £18,137; Pension contributions £12,079. Took early retirement on 1 September 2010, annualised salary £149,985"
117,Fenland,111.53,118.38,145.98,195.33,211.17,218.9,226.04,235.98,245.85,256.86,264.33,137.00,,Chief Executive B,0,141769,0.0,"Gross salary £117,256; Benefits in kind £2,000; Pension contributions £22,513. Started 25 May 2010, annualised salary £137,600"
118,Fife,849.0,891.0,935.0,981.0,1015.0,1050.0,1091.0,1118.0,1118.0,1118.0,1118.0,31.68,Ronald Hinds,Chief Executive,193596,199349,2.97,"Salary, fees & allowances £149,437; Returning officer fees £20,280; Pension contributions £29,632"
119,Flintshire,654.27,702.39,751.93,820.16,880.92,921.04,964.74,1006.17,1042.55,1080.08,1115.2,70.45,,Chief Executive,167534,171703,2.49,"Pensionable pay £140,264; Expense allowance £160; Pension contributions £31,279"
120,Forest Heath,114.2,131.36,143.29,155.75,168.27,176.58,181.22,186.64,192.59,201.82,210.21,84.07,,Chief Executive,118391,121797,2.88,"Salary, fees & allowances £100,200; Benefits in kind £5,124; Expenses allowances £120; Pension contributions £16,353"
121,Fylde,100.21,103.56,123.99,129.06,142.03,149.33,157.91,165.45,184.14,194.81,203.66,103.23,,Chief Executive,125000,122000,-2.4,"Remuneration £103,000; Expense allowances £1,000; Pension contributions £18,000"
122,Gateshead,911.02,953.64,1015.29,1114.87,1170.44,1226.98,1278.96,1323.71,1375.29,1416.41,1443.32,58.43,Roger Kelly,Chief Executive,245581,252838,2.96,"Salary (including fees & allowances) £194,015; Expense allowances £13,756; Benefits in kind £11,750; Pension contributions £33,317"
123,Gedling,102.88,106.07,116.08,119.9,128.39,134.37,138.45,142.5,146.92,150.52,153.41,49.12,,Chief Executive,116436,170466,46.4,"Salary, fees & allowances £100,301; Benefits in kind £634; Compensation for loss of office £56,551; Pension contributions £12,980. Left  31 December 2010"
124,Glasgow City,1094.0,1120.0,1141.0,1163.0,1185.0,1213.0,1213.0,1213.0,1213.0,1213.0,1213.0,10.88,George Black,Chief Executive,217435,217419,-0.01,"Salary, fees & allowances £166,780; Election duties £20,401; Pension contributions £30,238"
125,Gloucester,118.02,126.3,135.46,141.76,152.83,157.45,162.39,167.72,174.53,181.1,186.32,57.87,,Chief Executive (Head of Paid Service),133237,132391,-0.63,"Salary, fees & allowances £114,923; Pension contributions £17,468"
126,Gloucestershire,634.14,680.73,746.27,843.81,888.76,923.0,955.23,988.02,1036.37,1065.94,1090.5,71.97,Mr P Bungard,Chief Executive,195561,197317,0.9,"Salary, fees & allowances £161,235; Other taxable benefits £772; Pension contributions £35,310"
127,Gosport,128.0,140.72,149.0,156.3,174.33,178.93,183.3,190.63,197.87,202.81,202.81,58.45,,Chief Executive,105139,105807,0.64,"Salary including allowances £92,165; Benefits in Kind £568; Pension contributions £13,074"
128,Gravesham,85.51,91.82,113.81,125.59,131.67,138.46,145.4,152.28,159.93,167.56,171.86,100.98,,Chief Executive,147962,153140,3.5,"Salary £113,025; Allowances £7,130; Expenses £64; Pension contributions £32,921"
129,Greater London Authority,122.98,150.88,173.88,224.4,241.33,254.62,288.61,303.88,309.82,309.82,309.82,151.93,L Boland,Chief Executive,236215,433157,83.37,"Salary (including fees & allowances) £236,585; Compensation for loss of office £169,039; Pension contributions £27,533; Left 24 February 2011"
130,Greenwich,743.53,760.37,779.76,863.97,899.37,925.21,933.95,961.97,981.03,981.03,981.04,31.94,M Ney,Chief Executive,225150,224817,-0.15,"Salary £189,666.61; Pension contributions £35,150.04"
131,Guildford,111.86,118.95,129.06,138.53,143.56,148.02,152.24,154.63,159.84,163.46,166.37,48.73,,Chief Executive,150345,150646,0.2,"Salary, fees & allowances £123,183; Lump sum in respect of car mileage, telephone etc. £1,642; Pension contributions £17,985; Car lease/other benefits £7,836"
132,Gwynedd,672.95,694.77,761.26,837.08,889.75,961.08,1007.67,1059.52,1102.01,1147.7,1190.38,76.89,,Chief Executive,131425,131862,0.33,"Salary £108,264; Other payments £971; Pension contributions £22,627"
133,Hackney,701.77,771.95,849.15,934.07,979.84,998.45,998.45,998.45,998.45,998.45,998.45,42.28,Tim Shields,Chief Executive,202805,203376,0.28,"Salary, fees & allowances  £177,956; Pension contributions £25,420; Annualised salary was £177,956 for 2010/11 and £177,956 for 2009/10."
134,Halton,676.2,737.02,792.29,922.12,916.71,961.61,1004.87,1044.17,1080.92,1117.84,1139.08,68.45,David Parr,Chief Executive,194700,194700,0.0,"Salary (including fees & allowances) £156,700; Benefits in kind £5,800; Pension contributions £32,200;  In 2010/11 the Chief Executiveês entitlement to performance related pay was£25,000. Mid-year the Chief Executive received £10,000 for achieving specified delivery milestones in respect of the Mersey Gateway project and the Hive project. This is included in the salary figure. At his own request, the Chief Executive voluntarily declined the remaining £15,000 of his entitlement and did not receive this part of his salary entitlement."
135,Hambleton,60.79,67.2,74.49,82.19,88.9,96.14,99.6,105.78,112.81,117.08,119.88,97.20,,Chief Executive,151299,149428,-1.24,"Salary (including fees & allowances) £125,067; Car allowances £2,236; Pension contributions £22,125"
136,Hampshire,644.85,680.58,734.67,844.56,840.15,869.4,910.62,955.62,999.0,1018.17,1037.88,60.95,Andrew Smith,Chief Executive,246648,246980,0.13,"Salary (including fees & allowances) £207,372; Pension contributions £39,608"
137,Harborough,120.63,128.45,147.51,158.92,167.87,173.88,180.67,185.34,194.05,200.74,205.92,70.70,,Chief Executive,107378,119792,11.56,"Salary, fees & allowances £98,480; Expenses allowances £2,622; Benefits in kind £594; Pension contributions £18,096"
138,Haringey,809.02,809.12,809.12,949.6,1017.97,1068.26,1094.98,1127.83,1161.66,1184.32,1184.32,46.39,Mr K Crompton,Chief Executive,19355,236263,1120.68,"Salary (inc fees & allowances) £189,890, Pension contributions £46,373"
139,Harlow,208.92,215.19,215.19,208.73,216.0,224.37,230.85,235.26,242.1,251.55,251.55,20.40,,Chief Executive,138992,155306,11.74,"Salary (excluding fees & allowances) £138,050; Pension contributions £17,256"
140,Harrogate,134.62,148.37,159.23,171.81,184.54,193.42,201.92,210.71,219.65,228.37,228.46,69.71,,Chief Executive,143333,142009,-0.92,"Salary including fees & allowances £114,832; Benefits in kind £1,364; Pension contributions £25,813"
141,Harrow,729.65,788.07,835.38,1001.16,1033.89,1041.28,1067.19,1119.5,1152.55,1186.55,1186.55,62.62,Michael Lockwood,Chief Executive,219504,230822,5.16,"Salary (including fees & allowances) £194,617; Benefits in kind £1,348; Pension contributions £34,857"
142,Hart,123.27,130.96,158.39,162.85,168.56,175.19,179.75,187.72,196.19,204.53,210.35,70.64,,Chief Executive,121662,122456,0.65,"Salary including fees & allowances £98,840; Benefits in kind £4,738; Pension contributions £18,878"
143,Hartlepool,956.77,999.82,1044.81,1091.83,1111.57,1166.04,1222.99,1282.92,1332.92,1384.96,1419.64,48.38,Paul Walker,Chief Executive,183565,196934,7.28,"Salary £168,795; Car allowances £963; Pension contributions £27,176"
144,Hastings,144.45,153.12,163.46,187.98,196.44,203.86,208.75,216.06,223.62,231.45,235.85,63.27,,Chief Executive,132097,131402,-0.53,"Salary (including fees & allowances) £102,888; Expense allowances £189; Benefits in kind £5,895; Pension contributions £22,430"
145,Havant,116.54,123.2,131.69,143.55,151.88,161.77,169.38,176.9,185.58,192.78,192.78,65.42,,Chief Executive (shared with East Hampshire DC),131704,148875,13.04,"Salary (including fees & allowances) £125,000; Pension contributions £23,875;  This post is shared with East Hampshire DC and they contributed £81,424 towards the cost in 2010-11"
146,Havering,730.02,808.12,863.12,991.6,1042.67,1073.38,1091.39,1129.12,1173.18,1201.18,1195.18,63.72,C Coppell,Chief Executive,200215,208326,4.05,"Salary £163,920, Other payments £16,293; Pension contributions £28,113"
147,Herefordshire,700.61,767.46,832.36,951.13,983.54,1026.41,1073.12,1113.39,1165.62,1209.34,1240.26,77.03,C Bull,Chief Executive,219734,221203,0.67,"Salary (inc fees & allowances) £183,724; Pension contributions £37,479;  45% recharge to the PCT"
148,Hertfordshire,619.19,656.34,718.73,849.74,894.57,938.47,984.95,1034.13,1081.12,1118.83,1118.83,80.69,C Tapster,Chief Executive,251190,250118,-0.43,"Salary £203,427; Benefits in kind £4,785; Pension contributions £41,906"
149,Hertsmere,109.09,113.99,118.69,139.38,146.21,153.37,160.74,168.41,175.27,180.18,180.18,65.17,,Chief Executive,184000,187000,1.63,"Salary £145,000; Benefits in kind £2,000; Pension contributions £40,000"
150,Highland,839.0,889.0,939.0,989.0,1039.0,1086.0,1135.0,1163.0,1163.0,1163.0,1163.0,38.62,Alistair Dodds,Chief Executive,140112,192025,37.05,"Salary, fees & allowances £148,549; Pension contributions £43,476. Figure for 2009-10 was taken from Town Hall Rich List 2011 and is simply salary fees and allowances."
151,Hillingdon,701.13,760.83,818.57,929.27,974.07,1012.11,1041.46,1080.51,1112.93,1112.93,1112.93,58.73,H Dunnachie,Chief Executive,215206,183250,-14.85,"Pensionable pay £183,250; Pension contributions £0"
152,Horsham,111.92,117.44,129.06,137.22,142.32,150.04,157.44,163.19,169.5,174.42,178.54,59.52,,Chief Executive,134394,137306,2.17,"Salary, fees & allowances £122,429; Pension contributions £14,877"
153,Hounslow,737.17,803.99,848.19,955.63,1020.84,1066.0,1090.65,1090.65,1090.65,1090.65,1090.65,47.95,Mark Gilks,Chief Executive,201183,33388,-83.4,"Salary £27,471; Pension contributions £5,917. Retired 31 May 2010"
154,Huntingdonshire,118.81,123.66,127.76,130.15,144.69,154.56,164.42,171.81,180.07,188.7,195.66,64.68,David Monks,Chief Executive,206684,201524,-2.5,"Salary including allowances £149,410; Election fees £8,968; Benefits in kind £11,039; Pension contributions £32,107"
155,Inverclyde,933.0,1012.0,1062.0,1089.0,1143.0,1176.0,1206.0,1198.0,1198.0,1198.0,1198.0,28.40,J Mundell,Chief Executive,130731,134854,3.15,"Gross salary £111,849; Election payments £2,780; Pension contributions £20,225"
156,Ipswich,196.56,208.35,228.89,256.14,268.74,275.22,281.34,289.62,298.17,306.9,312.84,59.16,,Chief Executive,0,103614,0.0,"Salary (including fees & allowances) £91,678; Pension contributions £11,936"
157,Isle of Wight,767.9,800.2,906.68,1036.73,1086.51,1134.0,1170.2,1193.19,1238.99,1282.16,1315.42,71.30,,Chief Executive,183937,184116,0.1,"Salary £149,997; Expense allowances £1,120; Pension contributions £32,999"
158,Isles of Scilly,507.54,527.05,579.75,724.62,779.04,814.1,853.99,895.84,939.73,985.78,1030.14,102.97,,Chief Executive,90852,104854,15.41,"Salary (including fees & allowances) £87,196; Election duties £250; Pension contributions £17,408"
159,Islington,747.18,726.12,693.12,824.81,866.05,902.13,901.99,915.52,938.41,961.87,961.87,28.73,John Foster,Chief Executive,222868,223835,0.43,"Salary (including fees & allowances) £210,000; Pension contributions £0; Returning officer fees £13,834.75"
160,Kent,652.83,694.19,758.07,852.84,845.73,877.05,918.72,964.17,1001.79,1026.27,1047.78,60.50,Peter Gilroy,Chief Executive,299611,439071,46.55,"Salary (including fees & allowances) £25,362; Other £407,851; Pension contributions £5,859;  Left May 2010. Annualised salary £214,423"
161,Kettering,114.81,120.38,140.42,144.59,157.57,165.01,173.57,181.61,190.32,199.45,206.79,80.11,D Cook,Chief Executive,186000,185000,-0.54,"Salary (including fees & allowances) £148,000; Benefits in kind £1,000; Pension contributions £36,000"
162,"""Kingston upon Hull, City of""",733.84,806.55,842.84,922.91,902.45,943.06,986.25,1023.73,1062.63,1096.63,1096.63,49.44,N Yates,Chief Executive,112777,222760,97.52,"Salary (including fees & allowances) £167,998; Expense allowances £3,730; Benefits in kind £4,963; Pension contributions £46,069. Started 1 October 2009, annualised salary £155,000"
163,"""Kingston upon Hull, City of""",733.84,806.55,842.84,922.91,902.45,943.06,986.25,1023.73,1062.63,1096.63,1096.63,49.44,K Ryley,Chief Executive,133724,0,0.0,Resigned 30 September 2009
164,"""Kingston upon Hull, City of""",733.84,806.55,842.84,922.91,902.45,943.06,986.25,1023.73,1062.63,1096.63,1096.63,49.44,,Chief Executive Hull Forward,185045,162837,-12.0,"Salary (including fees & allowances) £81,510; Bonuses £11,260; Expense allowances £2,390; Compensation for loss of office £42,536; Pension contributions £25,141. Left 5 November 2010, annualised salary £136,482"
165,Kingston upon Thames,740.59,796.16,886.06,997.72,1067.36,1120.72,1160.76,1218.63,1270.26,1320.96,1352.72,82.65,Bruce McDonald,Chief Executive,222000,224000,0.9,"Salary (including fees & allowances) £179,000; Pension contributions £45,000"
166,Kirklees,826.07,859.93,900.63,961.29,990.23,1039.29,1091.32,1123.83,1157.91,1198.18,1222.09,47.94,,Chief Executive (Formerly Director of Finance and Performance),107570,155468,44.53,"Salary including fees & allowances £102,390; Pension contributions £14,335; The Director of Finance and Performance became Chief Executive on 01 August 2010. The 2010-11 figure is a combination of  "
167,Kirklees,826.07,859.93,900.63,961.29,990.23,1039.29,1091.32,1123.83,1157.91,1198.18,1222.09,47.94,R Vincent,Chief Executive,180689,36354,-79.88,"Salary including fees & allowances £31,890; Pension contributions £4,464. R Vincent ceased his duties as Chief Executive on 30 June 2010. His annualised salary was £161,666. He is now employed as Chief Executive at Doncaster Council, and although Kirklees continue to pay his salary, Doncaster Council is fully recharged and have agreed to include his remuneration in their note."
168,Knowsley,888.76,918.4,941.69,963.31,988.33,1027.93,1069.31,1111.61,1155.91,1213.22,1273.37,43.27,S M Ramsey,Chief Executive,224772,224769,0.0,"Salary £181,893; Benefits in kind £10,135; Pension contributions £32,741"
169,Lambeth,516.18,590.12,636.12,770.6,809.12,841.34,841.34,883.35,925.29,925.29,925.29,79.26,Derrick Anderson,Chief Executive,269836,246939,-8.49,"Salary, fees & allowances £213,629; Expense allowances £2,334; Pension contributions £30,976"
170,Lancashire,768.35,795.18,856.58,937.62,927.11,950.29,996.85,1046.2,1077.06,1108.3,1108.3,44.24,G Fitzgerald,Chief Executive,266675,205048,-23.11,"Salary (including fees and allowances) £165,756; Expense allowance £413; Benefits in kind £9,374; Pension contribution £29,505; Left post 6 February 2011"
171,Lancaster,109.44,115.91,133.58,141.96,154.81,162.35,169.86,176.66,184.77,197.22,204.42,86.79,M Cullinan,Chief Executive,128000,129000,0.78,"Salary, fees and allowances £107,000; Expenses & Benefits in kind £2,000; Pension contribution £20,000"
172,Leeds,720.98,756.64,794.2,857.44,896.71,934.88,977.36,1021.69,1070.18,1101.59,1129.53,56.67,Thomas Riiordan,Chief Executive,0,130173,0.0,"Salary, fees and allowances £114,087; Pension contributions £16,086; Began post 16 August 2010"
173,Leeds,720.98,756.64,794.2,857.44,896.71,934.88,977.36,1021.69,1070.18,1101.59,1129.53,56.67,Paul Rogerson,Chief Executive,222122,87316,-60.69,"Salary, fees and allowances £76,981; Pension contribution £10,335"
174,Leicester,805.68,845.16,889.95,937.12,982.75,1007.32,1033.91,1061.21,1113.74,1163.65,1186.22,47.23,S Lock,Chief Executive,208127,208322,0.09,"Salary, fees and allowances £174,165; Expenses allowances £195; Pension contributions £33,962"
175,Leicestershire,672.09,712.01,775.38,847.5,866.99,890.4,930.47,970.02,1007.85,1037.07,1063.0,58.16,John Sinnott,Chief Executive,231000,230000,-0.43,"Salary £187,000; Benefits in kind £5,000; Pension contributions £38,000"
176,Lewes,148.15,155.65,172.82,189.12,202.8,213.62,224.69,235.35,246.34,255.59,264.26,78.37,,Chief Executive,130266,36892,-71.68,"Salary £29,977; Expenses £99; Benefits in Kind £1,088; Pension contribution £5,728. Retired 4 July 2010"
177,Lewisham,658.43,725.89,783.5,857.15,899.96,944.1,967.7,991.89,1016.69,1042.11,1042.11,58.27,B Quirk,Chief Executive,229902,230864,0.42,"Salary (inc fees & allowances) £192,387; Pension contributions £38,477"
178,Lichfield,114.44,122.2,129.41,133.4,141.68,147.81,157.19,163.5,169.97,174.19,178.92,56.34,,Chief Executive,126476,126708,0.18,"Salary, fees & allowances £108,480; Pension contributions £18,228"
179,Lincolnshire,635.04,672.39,738.99,810.0,857.79,899.82,944.73,987.21,1021.77,1039.68,1065.69,67.81,Tony McArdle,Chief Executive,206059,207113,0.51,"Salary £173,226; Pension contribution £32,740; Other emoluments £1,147"
180,Liverpool,1051.83,1047.0,999.75,1029.74,1060.63,1112.48,1151.31,1193.91,1252.41,1308.14,1308.14,24.37,Colin Hilton,Chief Executive,278714,182727,-34.44,"Salary £113,175; Bonuses £26,396; Expenses allowances £197; Compensation for loss of employment £30,000; Pension contributions £12,959;  Left post 31 May 2010"
181,Luton,693.83,734.88,843.27,896.43,896.43,940.71,987.18,1034.88,1079.17,1122.12,1143.89,64.87,T Holden,Chief Executive,0,144630,0.0,"Salary (including fees and allowances) £128,923; Pension contributions £15,707; Joined the council on 28 June 2010"
182,Luton,693.83,734.88,843.27,896.43,896.43,940.71,987.18,1034.88,1079.17,1122.12,1143.89,64.87,K Crompton,Chief Executive,164158,0,0.0,Left 28 February 2010
183,Maidstone,149.32,156.29,168.07,182.89,190.77,200.36,209.31,215.35,222.39,232.31,238.55,59.76,,Chief Executive,0,136000,0.0,"Salary £102,000; Benefits in kind £5,000; Pension contributions £29,000"
184,Maidstone,149.32,156.29,168.07,182.89,190.77,200.36,209.31,215.35,222.39,232.31,238.55,59.76,,Chief Executive,168000,0,0.0,
185,Maldon,107.97,115.15,136.99,151.81,168.03,178.59,187.3,194.39,203.32,205.69,209.69,94.21,,Chief Executive,47000,104000,121.28,"Salary £94,000; Pension contributions £10,000;  Started 16 October 2009, annualised salary £86,000"
186,Malvern Hills,115.8,146.38,153.45,158.44,160.93,164.45,167.07,170.16,176.73,182.02,185.82,60.47,,Chief Executive,122939,130725,6.33,"Salary £111,928; Pension contributions £18,797"
187,Manchester,913.53,931.8,950.44,974.2,991.98,1016.78,1042.2,1070.34,1097.1,1130.01,1130.01,23.70,Sir Howard Bernstein,Chief Executive of the Council and Clerk of the Greater Manchester Integrated Transport Authority,232326,232410,0.04,"Salary £203,934; Expenses allowances £741; Pension contributions £27,735"
188,Manchester,913.53,931.8,950.44,974.2,991.98,1016.78,1042.2,1070.34,1097.1,1130.01,1130.01,23.70,,Chief Executive of New East Manchester Ltd,137127,136320,-0.59,"Salary £120,000; Pension contributions £16,320"
189,Medway,646.63,686.26,745.36,826.2,853.09,901.84,951.56,994.44,1044.51,1095.57,1122.78,73.64,,Chief Executive,185146,186587,0.78,"Salary £146,640; Fees & allowances £8,397; Expenses £168; Pension contributions £31,382"
190,Melton,111.49,119.1,137.34,147.1,157.2,164.93,173.56,181.57,190.65,195.89,201.13,80.40,,Chief Executive,101814,101384,-0.42,"Salary £83,269.16; Expenses £1,445.02; Pension contributions £16,669.56"
191,Mendip,129.06,134.85,147.09,155.16,159.72,164.58,170.01,183.42,188.64,193.76,196.76,52.46,,Chief Executive,381122,0,0.0,Left 3 January 2010
192,Mendip,129.06,134.85,147.09,155.16,159.72,164.58,170.01,183.42,188.64,193.76,196.76,52.46,,Chief Executive,0,112292,0.0,"Salary £93,762; Expenses £2,071; Benefits in kind £96; Pension contributions £16,363"
193,Merthyr Tydfil,798.56,870.24,938.85,1003.56,1048.67,1089.58,1129.86,1169.36,1203.23,1251.61,1298.71,62.63,,Chief Executive,158394,125437,-20.81,"Salary £108,677; Expenses £719; Benefits £1,040; Pension contributions £15,001"
194,Merton,743.71,801.11,844.02,919.17,968.11,992.48,1017.26,1053.8,1094.88,1122.34,1106.57,48.79,Ged Curran,Chief Executive,207689,212325,2.23,"Salary £186,250; Pension contributions £26,075"
195,Mid Devon,129.96,136.53,150.51,167.13,170.67,177.97,184.81,193.92,202.84,209.24,213.82,64.53,,Chief Executive,113988,114833,0.74,"Salary £98,233; Expenses £716; Benefits in kind £1,239; Pension contributions £14,646"
196,Mid Suffolk,122.3,126.58,140.62,151.12,160.52,168.4,175.26,182.11,191.45,197.7,203.39,66.30,,Chief Executive,140946,395091,180.31,"Salary £111,553; Expenses allowances £78; Pension contributions £26,860; End of employment payment £256,600"
197,Mid Sussex,127.18,134.03,143.34,154.85,161.75,169.47,177.61,183.34,191.92,199.39,204.47,60.77,,Chief Executive (Formerly Deputy Chief Executive),116162,127101,9.42,"As Chief Executive: Salary £47,549; Expenses £781; Pension contributions £10,969. As Deputy Chief Executive: Salary £54,198; Expenses £1,049; Pension contributions £12,555. Became Chief Executive 20 October 2010 "
198,Mid Sussex,127.18,134.03,143.34,154.85,161.75,169.47,177.61,183.34,191.92,199.39,204.47,60.77,J Jory,Chief Executive,195759,43312,-77.87,"Salary £34,645; Expenses £683; Pension contributions £7,984. Left 30 June 2010."
199,Middlesbrough,776.92,810.72,857.23,965.51,987.46,1034.89,1083.41,1122.79,1177.79,1231.2,1261.98,62.43,,Chief Executive,155644,167471,7.6,"Salary £142,650; Pension contributions £24,821"
200,Midlothian,963.0,1001.0,1036.0,1072.0,1126.0,1176.0,1210.0,1210.0,1210.0,1210.0,1210.0,25.65,K Lawrie,Chief Executive,81565,134030,64.32,"Salary £109,198; Returning Officer £2,948; Pension contributions £21,286; Returning Officer Pension contributions £598"
201,Milton Keynes,725.88,788.97,848.23,916.57,931.58,980.32,1029.7,1069.48,1112.11,1150.8,1175.59,61.95,D Hill,Chief Executive,128725,184201,43.1,"Salary £155,000; Expense allowances £371; Pension contributions £28,830"
202,Mole Valley,89.98,97.9,106.46,122.04,128.24,132.4,138.34,143.66,147.82,155.02,155.26,72.55,,Chief Executive,129763,130919,0.89,"Salary £107,630; Expenses allowances £6,138; Pension contributions £17,151"
203,Monmouthshire,596.78,674.49,730.39,840.59,917.22,954.45,990.9,1040.87,1090.95,1144.68,1188.71,99.19,,Chief Executive,119703,135439,13.15,"Salary £110,000; Expense allowances £1,239; Pension contributions £24,200"
204,Neath Port Talbot,836.61,884.19,960.28,1030.1,1087.22,1128.31,1165.42,1204.26,1242.837,1292.059,1343.02,60.53,SJ Phillips,Chief Executive,75601,154525,104.4,"Salary £134,253; Pension contributions £20,272;  Started 5 October 2009"
205,New Forest,138.61,149.17,161.74,169.59,179.65,188.14,195.44,200.59,209.03,216.03,220.12,58.81,,Chief Executive,165412,148734,-10.08,"Salary £121,269; Benefits in kind £4,303; Pension contributions £23,162"
206,Newcastle upon Tyne,907.61,943.86,1016.34,1117.86,1173.22,1193.26,1217.59,1251.51,1298.9,1336.11,1355.09,49.30,Barry Rowland,Chief Executive,183082,199101,8.75,"Salary £173,784; Expenses allowances £963; Pension contributions £24,354"
207,Newcastle-under-Lyme,119.93,126.72,134.02,144.4,150.34,159.43,166.82,171.83,176.84,181.99,186.06,55.14,,Chief Executive,138718,104911,-24.37,"Salary £84,743; Benefits in kind £1,779; Pension contributions £18,389"
208,Newham,645.15,676.78,710.62,780.26,817.71,857.29,873.91,915.86,945.63,945.63,945.63,46.58,K Bromley Derry,"Chief Executive (Formerly Executive Director Children, Schools and Families)",198304,234783,18.4,"Salary £188,022; Pension contributions £46,761. Started 12 July 2010"
209,Newham,645.15,676.78,710.62,780.26,817.71,857.29,873.91,915.86,945.63,945.63,945.63,46.58,J Duckworth,Chief Executive,281085,189108,-32.72,"Salary £147,352; Compensation for loss of employment £20,123; Pension contributions £21,633. Left 10 August 2010"
210,Norfolk,650.43,691.11,758.52,879.12,929.7,956.7,1004.4,1052.1,1091.52,1123.74,1145.07,76.05,D White,Chief Executive,263700,256900,-2.58,"Salary £205,400; Performance award £12,300; Pension contributions £39,200"
211,North Ayrshire,827.0,877.0,927.0,977.0,1025.0,1075.0,1125.0,1152.0,1152.0,1152.0,1152.0,39.30,Elma Murray,Chief Executive,124404,150323,20.83,"Salary £126,597; Taxable expenses £685; Returning Officer fees £3,546; Pension contributions £23,041; Returning Officer Pension Contributions £645"
212,North Devon,128.14,132.02,144.91,156.75,164.25,170.34,178.39,185.46,194.11,200.4,207.99,62.31,M Mansell,Chief Executive,100912,115518,14.47,"Salary £89,736.21; Expenses allowances £4,181; Bonuses £5,000; Pension contributions £16,601.21"
213,North Dorset,82.34,92.57,101.71,112.4,122.97,131.45,138.83,152.31,164.29,171.92,176.82,114.74,,Chief Executive,110059,107634,-2.2,"Salary £91,871; Other payments £2,545; Pension contributions £13,218"
214,North East Derbyshire,163.62,170.89,185.96,192.48,200.48,211.4,220.34,227.14,240.1,248.81,257.25,57.22,M Goodwin,Chief Executive,128806,349074,171.01,"Salary £109,000; Benefits in kind £1,900; Termination payments £216,156; Pension contributions £22,018"
215,North East Lincolnshire,856.96,898.55,974.56,1061.24,1073.4,1125.26,1154.61,1187.2,1219.38,1259.14,1258.59,46.87,A Hunter,Chief Executive,183194,184667,0.8,"Salary £150,000; Expense allowances £3,057; Pension contributions £31,610"
216,North Hertfordshire,121.98,131.15,143.71,162.67,167.62,179.18,187.22,197.19,214.45,220.61,213.76,75.24,John Campbell,Chief Executive,142789,142789,0.0,"Salary £117,205; Pension contributions £25,584"
217,North Lanarkshire,876.0,907.0,939.0,972.0,1006.0,1041.0,1077.0,1098.0,1098.0,1098.0,1098.0,25.34,Gavin Whitefield,Chief Executive,178232,177830,-0.23,"Remuneration £161,239; Pension contributions £16,591"
218,North Lincolnshire,966.44,984.43,1023.75,1044.0,1046.06,1094.59,1146.39,1180.19,1226.43,1272.92,1310.82,35.63,,Chief Executive,169801,163762,-3.56,"Salary £129,699; Benefits in kind £5,140; Pension contributions £28,923"
219,North Norfolk,107.15,111.99,121.86,129.79,138.06,142.85,148.79,153.62,160.73,167.27,173.54,61.96,,Chief Executive,136386,136600,0.16,"Salary £107,883; Expenses allowances £8,224; Pension contributions £20,493"
220,North Somerset,712.36,744.96,835.7,964.76,989.58,1035.72,1085.78,1118.34,1144.12,1171.71,1194.91,67.74,,Chief Executive,170450,171753,0.76,"Salary £144,817; Pension contributions £26,936"
221,North Tyneside,868.6,903.54,966.93,1047.78,1098.51,1124.15,1179.32,1222.34,1264.85,1296.28,1328.06,52.90,John Marsden,Chief Executive,0,224711,0.0,"Salary £196,021; Pension contributions £28,690"
222,North Tyneside,868.6,903.54,966.93,1047.78,1098.51,1124.15,1179.32,1222.34,1264.85,1296.28,1328.06,52.90,Andrew Kerr,Chief Executive,199418,0,0.0,
223,North Warwickshire,168.07,178.24,194.66,206.8,213.76,222.57,228.0,228.72,239.28,245.17,251.24,49.49,,Chief Executive,117060,118891,1.56,"Salary £97,181; Expenses allowances £6,841; Pension contribution £14,869"
224,North West Leicestershire,141.72,149.61,164.01,175.25,182.12,189.47,198.96,207.89,212.52,217.38,220.03,55.26,,Chief Executive,142374,145856,2.45,"Salary £117,938; Other £4,920; Pension contributions £22,998"
225,North Yorkshire,618.85,667.74,732.85,817.13,817.09,857.45,899.47,943.54,988.36,1027.3,1057.48,70.88,Richard Flinton,Chief Executive,0,138968,0.0,"Salary £116,250; Expenses allowances £398; Pension contributions £22,320. Started 1 July 2010"
226,North Yorkshire,618.85,667.74,732.85,817.13,817.09,857.45,899.47,943.54,988.36,1027.3,1057.48,70.88,John Marsden,Chief Executive,219456,0,0.0,In place for the full 2009-10 financial year
227,Northampton,136.77,144.84,156.28,167.06,175.25,180.33,189.17,201.17,209.63,218.26,223.5,63.41,,Chief Executive,172000,177000,2.91,"Salary £138,000; Benefits in kind £1,000; Pension contributions £38,000"
228,Northamptonshire,626.87,657.68,735.94,794.24,833.27,856.98,882.68,917.55,956.05,993.34,1028.11,64.01,P Blantern,Chief Executive (Formerly Corporate Director of Customer and Community Services),160000,187000,16.88,"Salary £156,000; Expenses allowances £1,000; Pension contributions £30,000. Appointed June 2010 - annualised salary £161,000"
229,Northamptonshire,626.87,657.68,735.94,794.24,833.27,856.98,882.68,917.55,956.05,993.34,1028.11,64.01,K Kerswell,Chief Executive,237000,44000,-81.43,"Salary £37,000; Pension contributions £7,000. Left June 2010 annualised salary 3£197,000"
230,Northumberland,762.85,808.19,863.62,974.5,1022.64,1072.0,1091.3,1110.94,1122.05,0.0,0.0,#VALUE!,Steve Stewart,Chief Executive,188458,172498,-8.47,"Salary £172,498; Pension contributions £0"
231,Norwich,149.92,158.92,169.92,177.57,182.88,189.27,195.93,205.14,212.73,220.93,225.87,50.66,,Chief Executive Officer,156626,158360,1.11,"Salary £131,058; Pension contributions £27,302"
232,Nottingham,856.69,912.37,971.67,1034.83,1079.48,1131.28,1181.56,1215.66,1252.15,1294.73,1332.28,55.51,Jane Todd,Chief Executive,193206,193929,0.37,"Salary £165,000; Expense allowances £219; Pension contributions £28,710"
233,Nottingham,0.0,0.0,0.0,0.0,0.0,0.0,0.0,0.0,0.0,0.0,0.0,#VALUE!,Jane Todd,Chief Executive,193206,193929,0.37,"Salary £165,000; Expense allowances £219; Pension contributions £28,710"
234,Nottinghamshire,791.9,838.62,907.81,994.05,994.11,1032.88,1081.43,1124.69,1158.43,1193.18,1193.18,50.67,M Burrows,Chief Executive,214643,216493,0.86,"Salary £184,338; Expense allowances £68; Pension contributions £32,087"
235,Oldham,872.91,963.36,987.37,1090.83,1142.23,1196.08,1255.19,1317.06,1306.74,1332.71,1350.16,54.67,C Parker,"Chief Executive, Head of Paid Service and Clerk to GMWDA",213000,216000,1.41,"Salary, fees & allowances £186,000; Expenses allowances £2,000; Pension contributions £28,000"
236,Orkney Islands,690.0,754.0,824.0,900.0,940.0,973.0,1007.0,1037.0,1037.0,1037.0,1037.0,50.29,Alistair Buchan,Chief Executive,121138,122207,0.88,"Salary, fees & allowances £101,398; Expenses allowances £124; Benefits other than cash £20,685Shared by Shetland Islands Council"
237,Oxford,174.86,191.46,199.65,207.64,215.95,224.54,233.52,240.53,250.15,261.41,266.63,52.48,,Chief Executive,169519,168280,-0.73,"Salary, fees & allowances £140,000; Pension contributions £28,280"
238,Oxfordshire,652.03,699.28,767.66,870.41,924.81,966.46,1008.75,1049.1,1089.75,1130.62,1161.71,78.17,Joanna Simons,Chief Executive,225665,217640,-3.56,"Salary (incl fees & allowances) £182,431; Pension contributions £35,209"
239,Pembrokeshire,602.9,609.19,628.08,673.57,706.98,734.35,764.39,796.41,829.47,864.32,895.47,48.53,D B Parry-Jones,Chief Executive,190020,195164,2.71,"Taxable salary £159,462; Benefits in kind £10,361; Pension contributions £25,341"
240,Pendle,164.66,176.07,186.48,200.43,213.72,224.68,225.15,236.3,249.36,253.82,253.52,53.97,,Chief Executive,158169,159960,1.13,"Salary, fees & allowances £121,090; Expenses allowances £285; Benefits in kind £9,819; Pension contributions £28,766"
241,Peterborough,754.96,792.82,868.19,933.52,941.22,979.4,1019.12,1033.52,1048.21,1074.63,1102.28,46.01,G Beasley,Chief Executive,200084,205126,2.52,"Salary £170,175; Election duties £5,000; Pension contributions £29,951"
242,Plymouth,705.6,727.81,821.7,942.9,951.54,998.37,1048.01,1100.13,1154.3,1209.71,1244.67,76.40,Barry Keel,Chief Executive,204297,211323,3.44,"Salaries £182,505; Fees & allowances £1,442; Pension contributions £27,376"
243,Poole,705.78,744.3,832.91,949.0,955.89,998.93,1034.05,1069.29,1121.67,1175.49,1209.6,71.38,,Chief Executive,146983,147020,0.03,"Salary (including fees & allowances) £124,941; Pension contributions £22,079"
244,Portsmouth,648.21,685.19,752.11,901.06,909.86,955.67,1003.84,1044.32,1094.94,1149.12,1149.12,77.28,,Chief Executive,176578,177322,0.42,"Salary & allowances £148,885; Pension contributions £28,437"
245,Powys,627.53,673.49,712.61,786.96,867.71,901.09,946.44,984.96,1023.4,1057.32,1102.7,75.72,,Chief Executive,153000,157000,2.61,"Salary (incl fees & allowances) £127,000; Pension contributions £30,000"
246,Preston,179.71,185.7,195.47,208.33,208.24,215.12,225.04,233.76,242.97,255.16,261.5,45.51,,Chief Executive,111000,136000,22.52,"Salary (incl fees & allowances) £118,000; Pension contributions £18,000"
247,Reading,848.13,897.06,977.16,1050.07,1047.89,1097.66,1149.8,1190.05,1212.66,1261.05,1288.8,51.96,Michael Coughlin,Chief Executive,165213,170188,3.01,"Salary (including fees & allowances) £148,377; Pension contributions £21,811"
248,Redbridge,688.02,719.12,756.12,853.95,900.8,942.69,978.74,1026.62,1066.32,1095.53,1095.53,59.23,Roger Hampson,Chief Executive,223478,223478,0.0,"Salary including fees & allowances £181,542; Pension contributions £41,936"
249,Renfrewshire,846.0,896.0,941.0,988.0,1039.0,1091.0,1143.0,1165.0,1165.0,1165.0,1165.0,37.67,David Martin,Chief Executive,140167,163840,16.89,"Salary £132,722, Fees & allowances £6,053, Expenses £65, Pension contributions £25,000. "
250,Ribble Valley,112.2,115.24,120.22,123.67,128.51,134.8,139.87,143.38,149.73,153.73,157.38,40.27,,Chief Executive,105849,106150,0.28,"Salary £88,257; Benefits in kind £6,155; Pension contributions £11,738"
251,Richmond upon Thames,785.67,847.76,923.16,1043.83,1097.72,1131.3,1131.3,1186.72,1233.94,1287.39,1287.39,63.86,Gillian Norton,Chief Executive,215657,220859,2.41,"Salary, fees & allowances £178,528; Expenses allowances £216; Pension contributions £42,115"
252,Rochdale,816.91,875.96,918.24,968.74,1010.88,1060.41,1109.38,1152.65,1196.45,1240.73,1285.38,57.35,Roger Ellis,Chief Executive,174000,175000,0.57,"Salary £149,000; Expenses £3,000; Pension contributions £23,000"
253,Rochford,131.54,139.34,152.95,167.2,181.27,189.47,200.01,208.34,219.0,227.33,233.34,77.39,,Chief Executive,132942,133065,0.09,"Salary including fees & allowances £116,849; Bonuses £84; Expense allowances £289; Benefits in kind £1,369; Pension contributions £14,474"
254,Rossendale,162.45,166.19,177.59,208.55,218.77,229.68,234.8,241.58,248.58,255.85,255.88,57.51,,Chief Executive,116269,119459,2.74,"Salary £97,276; Other expenses £958; Local elections £2,448; Pension contributions £18,776"
255,Rother,105.67,112.82,136.18,149.97,159.21,169.3,178.97,187.39,196.98,203.36,209.88,98.62,,Chief Executive,121000,122000,0.83,"Salary & allowances £94,000; Pension contributions £23,000; Other £5,000"
256,Rotherham,781.58,842.12,886.07,947.1,993.42,1042.82,1094.51,1146.77,1190.8,1225.25,1258.27,60.99,M Kimber,Chief Executive,81089,187360,131.06,"Remuneration £159,999.96; Pension contributions £27,360"
257,Rugby,131.51,138.97,152.73,156.55,160.94,166.58,171.58,177.58,182.8,187.18,187.18,42.33,,Chief Executive,117930,0,0.0,Left in 2009-10
258,Runnymede,28.26,49.95,68.4,85.5,100.44,109.65,115.11,120.78,126.81,132.93,136.89,384.39,,Chief Executive,64400,110400,71.43,"Salary (including fees & allowances) £110,400; Pension contributions £0. Started 1 September 2009"
259,Rushcliffe,93.73,99.49,114.46,122.17,129.17,146.89,154.32,160.67,167.58,171.74,174.91,86.61,,Chief Executive,127537,131170,2.85,"Salary, fees & allowances £112,282; Lease car £5,784; Pension contributions £13,104"
260,Rushmoor,121.41,123.87,128.82,147.73,152.07,158.58,164.06,169.64,174.57,180.64,184.07,51.61,,Chief Executive,137543,141028,2.53,"Salary and allowances £113,469; Expenses allowances £5,040; Pension contributions £22,519"
261,Rutland,954.17,1012.69,1069.2,1131.4,1182.47,1240.92,1300.33,1347.26,1396.15,1439.39,1466.43,53.69,,Chief Executive,129334,132024,2.08,"Salary (including fees & allowances) £111,285; Expense allowances £162; Benefits in kind £963; Pension contributions £19,614"
262,Ryedale,143.85,153.65,166.45,168.51,176.13,182.06,187.18,193.81,201.82,207.63,209.61,45.71,,Chief Executive,130858,131066,0.16,"Salary, fees & allowances £104,460; Expenses allowances £5,505; Pension contributions £21,101"
263,Salford,940.75,989.34,1037.88,1105.35,1144.08,1178.4,1213.76,1250.17,1287.68,1326.31,1326.31,40.98,B Spicer,Chief Executive,208977,210392,0.68,"Salary (including fees & allowances) £182,458; Expense allowances £914; Pension contributions £27,020"
264,Sandwell,814.25,876.03,932.97,987.0,1005.75,1050.0,1079.4,1111.78,1143.42,1164.05,1175.73,44.39,Doctor M A Fraser,Chief Executive,176978,112595,-36.38,"Salary £63,829; Other emoluments £38,043; Pension contributions £10,723. Left 1 September 2010"
265,Scarborough,127.17,140.1,153.9,167.86,182.7,191.26,198.11,205.9,215.25,222.42,227.76,79.10,,Chief Executive,140364,133794,-4.68,"Salary £110,693; Expense allowances £1,184; Pension contributions £21,917"
266,Scottish Borders,725.0,785.0,864.0,935.0,985.0,1019.0,1064.0,1084.0,1084.0,1084.0,1084.0,49.52,D Hume,Chief Executive,141094,144596,2.48,"Salaries, fees and allowances £123,136; Pension contributions £21,460"
267,Sedgemoor,109.79,112.87,118.42,122.96,127.19,141.43,143.15,148.24,159.75,165.47,172.68,57.28,,Chief Executive,119376,119331,-0.04,"Salary £98,534; Taxable benefits £3,821; Pension contributions £16,976"
268,Sefton,836.55,872.14,950.51,979.08,1025.47,1075.83,1118.46,1165.83,1212.34,1245.0,1277.24,52.68,M Carney,Chief Executive,176465,174142,-1.32,"Salary (including fees & allowances) £148,379; Expense allowances £390; Pension contributions £25,373"
269,Selby,137.44,145.13,156.38,162.85,167.98,173.77,178.24,184.53,192.31,199.51,204.89,49.08,,Chief Executive,113164,114057,0.79,"Salary (including fees & allowances) £92,852; Benefits in kind £963; Pension contributions £20,242"
270,Sevenoaks,128.2,141.42,166.89,177.15,188.25,196.92,206.12,215.22,228.85,239.06,246.8,92.51,,Chief Executive,160390,158156,-1.39,"Salary £133,683; Expenses £392; Pension contributions £20,594; Other Benefits/payments £3,487"
271,Sheffield,845.32,903.9,951.0,1016.37,1066.55,1117.25,1168.63,1213.58,1243.92,1268.14,1285.75,52.10,John Mothersole,Chief Executive,217814,217814,0.0,"Salary including fees and allowances £184,588; Pension contributions £33,226"
272,Shepway,136.91,144.99,157.9,172.9,207.35,227.39,238.97,248.37,260.18,272.6,280.85,105.13,,Chief Executive,136377,127886,-6.23,"Salary including fees and allowances £112,800; Pension contributions £15,086"
273,Shropshire,638.9,676.91,743.92,867.65,848.05,890.03,931.86,975.66,1018.59,0.0,0.0,#VALUE!,Kim Ryley,Chief Executive,104625,212520,103.13,"Salary £180,000; Expense allowances £2,460; Pension contributions £30,060. Started October 2009"
274,Shropshire,638.9,676.91,743.92,867.65,848.05,890.03,931.86,975.66,1018.59,0.0,0.0,#VALUE!,Shelia Healy,Chief Executive,101985,0,0.0,Left October 2009
275,Slough,658.31,700.87,767.45,881.53,890.17,934.25,980.67,1029.73,1081.11,1134.55,1157.81,75.88,Ruth Bagley,Chief Executive,185890,185030,-0.46,"Salaries, fees & allowances £160,480; Pension contributions £24,550"
276,Solihull,701.98,763.87,814.85,900.34,925.17,969.96,1012.61,1063.77,1113.52,1163.35,1190.03,69.52,,Chief Executive,152980,171958,12.41,"Salary, fees & allowances £137,478; Expenses allowance £692; Pension contribution £25,070; Other emoluments £8,718"
277,Somerset,635.6,679.43,767.08,858.36,907.29,939.05,986.0,963.39,999.9,1027.3,1027.3,61.63,Sheila Wheeler,Chief Executive,31016,184186,493.84,"Salary (including fees & allowances) £160,000; Benefits in kind £26.20; Pension contributions £24,159.96. Started 1 February 2010"
278,Somerset,635.6,679.43,767.08,858.36,907.29,939.05,986.0,963.39,999.9,1027.3,1027.3,61.63,Alan Jones,Chief Executive,218488,0,0.0,"Left during 2009-10, annualised salary £161,286."
279,South Ayrshire,832.0,874.0,918.0,964.0,1012.0,1063.0,1111.0,1154.0,1154.0,1154.0,1154.0,38.70,D J Anderson,Chief Executive,149932,151789,1.24,"Gross salary and allowances £128,983; Taxable expenses £96; Benefits in kind £135; Pension contribution £22,575"
280,South Bucks,106.48,113.79,126.61,131.37,145.01,151.59,159.56,174.58,183.04,189.8,194.92,83.06,,Chief Executive,128238,128388,0.12,"Salary, fees & allowances £105,102; Benefits in kind £797; Pension contributions £22,489"
281,South Cambridgeshire,82.46,83.18,106.3,109.6,110.74,138.91,147.95,158.57,166.89,172.75,177.27,114.98,,Chief Executive,157029,211817,34.89,"Salary £51,637; Returning officer fees £12,696; Benefits in kind £2,944; Compensation for loss of office £103,387; Pension contributions £41,154. Left 31 August 2010"
282,South Derbyshire,110.95,119.67,124.76,129.88,136.13,142.67,149.58,154.64,160.28,164.65,167.35,50.83,,Chief Executive,133667,133835,0.13,"Salary, fees & allowances £110,235; Expenses allowances £1,664; Pension contributions £21,936"
283,South Gloucestershire,791.66,833.28,935.73,992.91,1021.03,1058.75,1113.99,1169.95,1223.33,1269.34,1299.7,64.17,A Deeks,Chief Executive,186590,191459,2.61,"Salary £163,920; Pension contributions £27,539"
284,South Holland,112.66,122.24,132.06,139.94,147.55,154.36,163.4,168.87,174.73,179.63,184.38,63.66,,Chief Executive (Shared 50 per cent with Breckland DC),139889,145187,3.79,"Salary, fees & allowances £118,742; Expenses allowances £871; Pension contributions £25,574;  Shared Chief Executive with Breckland DC who are recharged 50 per cent of the cost."
285,South Kesteven,88.38,92.3,100.97,118.42,126.41,132.36,138.96,146.48,156.32,161.08,163.8,85.34,,Chief Executive,136000,134000,-1.47,"Salary, fees & allowances £111,000; Pension contributions £23,000"
286,South Lakeland,120.89,128.14,138.89,152.61,158.58,165.98,173.23,179.95,187.28,194.17,199.36,64.91,,Chief Executive (Formerly Corporate Director Communities),96384,118267,22.7,"Salary, fees & allowances £96,860; Expenses allowances £3,459; Pension contributions £17,948. Became Chief Executive on 1 Aug 2010"
287,South Lakeland,120.89,128.14,138.89,152.61,158.58,165.98,173.23,179.95,187.28,194.17,199.36,64.91,,Chief Executive,115112,41966,-63.54,"Salary, fees & allowances £16,377; Expenses allowances £354; Compensation for loss of office £22,201; Pension contributions £3,034. Left 1 July 2010"
288,South Lanarkshire,901.0,924.0,947.0,971.0,1005.0,1040.0,1076.0,1101.0,1101.0,1101.0,1101.0,22.20,A Strang,Chief Executive,191485,186653,-2.52,"Salary/fees £156,878; Expenses £271; Pension contributions £29,504"
289,South Norfolk,117.77,125.16,138.31,142.24,152.64,160.12,168.24,175.73,179.77,189.53,191.72,62.79,,Chief Executive,133469,146498,9.76,"Salary £121,567; Expenses £1,225; Pension contributions £23,706"
290,South Northamptonshire,138.25,142.7,147.01,158.4,170.95,179.02,188.49,199.34,210.35,219.77,226.96,64.17,,Chief Executive,136895,135829,-0.78,"Salary (including fees & allowances) £107,184; Expense allowances £2,131; Benefits in kind £1,031; Pension contributions £25,483"
291,South Ribble,105.73,111.76,135.31,160.51,174.95,183.68,190.61,196.36,203.8,209.71,209.72,98.35,,Chief Executive,127721,0,0.0,
292,South Somerset,133.43,138.99,144.25,156.72,167.87,173.65,180.91,187.25,196.83,205.37,211.05,58.17,P Dolan,Chief Executive,569000,0,0.0,"Resigned through redundancy on 19 March 2010, annualised salary £133,878"
293,South Staffordshire,35.25,64.31,99.83,114.31,120.25,124.48,128.25,133.01,137.17,140.44,143.95,308.37,,Chief Executive,104831,111300,6.17,"Salary (including fees & allowances) £94,731; Benefits in kind £1,269; Pension contributions £15,300"
294,South Tyneside,830.91,866.15,936.64,1005.05,1054.79,1106.41,1148.1,1186.01,1221.0,1256.39,1291.53,55.44,M Swales,Chief Executive,34764,175457,404.71,"Salary (including fees & allowances) £152,229; Allowances £698; Pension contributions £22,530;  Appointed to the post on 20 January 2010"
295,Southampton,696.64,772.86,833.17,987.78,1016.77,1057.34,1098.52,1134.81,1174.47,1208.97,1239.21,77.88,Brad Roynon,Chief Executive,205920,140725,-31.66,"Salary (including fees & allowances) £116,471; Expense allowances £2,008; Pension contributions £22,246.  Left 3 December 2010"
296,Southend-on-Sea,667.31,700.91,735.41,850.8,860.53,906.16,950.94,997.93,1047.34,1088.61,1121.15,68.01,Rob Tinlin,Chief Executive,184209,171012,-7.16,"Salary £147,408; Consolidated into future salary £1,473; Pension contributions £19,206; Local election duties £25; Car allowances, etc. £2,900"
297,Southwark,705.62,748.62,776.1,809.78,829.21,844.14,844.14,877.06,912.14,912.14,912.14,29.27,A Shepperd,Chief Executive,224736,195510,-13.0,"Remuneration £182,089; Pension contributions £13,421"
298,Spelthorne,101.03,105.57,111.9,118.61,134.21,140.94,147.96,153.8,159.8,167.3,167.3,65.59,,Chief Executive,121277,129720,6.96,"Taxable salary £111,813; Pension contributions £17,907"
299,St Albans,129.12,136.11,157.43,168.72,176.91,185.49,190.67,196.71,204.8,206.72,206.78,60.15,,Chief Executive,141000,141000,0.0,"Salary, fees & allowances £105,000; Benefits in kind £7,000; Pension contributions £29,000"
300,St Edmundsbury,111.9,122.68,140.49,158.86,170.1,179.18,191.3,197.87,206.26,206.65,213.51,90.80,,Chief Executive Officer,144437,148585,2.87,"Salary (including fees and allowances) £126,357; Expenses allowances £1,273; Pension contributions £20,955"
301,Stafford,114.71,120.25,127.64,135.39,139.15,143.81,148.19,152.29,158.09,164.87,166.28,44.96,,Chief Executive,128259,132677,3.44,"Salary, fees & allowances £108,212; Benefits in kind £7,876; Pension contribution £16,589"
302,Staffordshire,610.56,664.92,711.13,817.15,823.11,860.27,902.85,947.54,985.44,1009.61,1028.81,68.50,Ron Hilton,Chief Executive,242842,0,0.0,
303,Staffordshire,610.56,664.92,711.13,817.15,823.11,860.27,902.85,947.54,985.44,1009.61,1028.81,68.50,Nick Bell,Chief Executive,0,224884,0.0,"Salary, fees & allowances £193,206; Pension contributions £31,678"
304,Stevenage,117.0,127.53,139.65,152.22,159.83,166.22,170.37,174.63,181.44,188.52,188.52,61.13,,Chief Executive,142417,150897,5.95,"Salary, fees & allowances £110,730; Expenses allowances £299; Other emoluments £7,571; Pension contributions £32,297"
305,Stirling,900.0,954.0,1011.0,1062.0,1105.0,1149.0,1201.0,1223.0,1209.0,1209.0,1209.0,34.33,Bob Jack,Chief Executive,119429,124937,4.61,"Salary, fees & allowances £105,315; Expense allowances £139; Pension contributions £19,483"
306,Stockport,860.27,923.12,977.93,1018.86,1056.66,1102.19,1157.17,1212.13,1266.85,1320.67,1363.58,58.51,E Boylan,Chief Executive,0,202000,0.0,"Salary, fees & allowances £167,000; Benefits in kind £10,000; Pension contributions £25,000. Started April 2010"
307,Stockport,860.27,923.12,977.93,1018.86,1056.66,1102.19,1157.17,1212.13,1266.85,1320.67,1363.58,58.51,J R Shultz,Chief Executive,192000,18000,-90.63,"Left on the 5 April 2010. Annualised Salary £160,424"
308,Stockton-on-Tees,837.92,883.39,923.58,968.5,979.17,1018.08,1063.98,1106.9,1158.01,1207.3,1231.49,46.97,Neil Schneider,Chief Executive,188211,189201,0.53,"Salary (including fees & allowances )£161,093; Expense allowances £1,227; Benefits in kind £229; Pension contributions £26,652"
309,Stoke-on-Trent,703.84,758.68,815.56,902.62,901.93,946.16,992.52,1041.15,1069.25,1111.48,1143.55,62.47,J van de Laarschot,Chief Executive,58725,226575,285.82,"Salary (including fees & allowances) £191,032; Expense allowances £5,664; Benefits in kind £1,239; Pension contributions £28,640. Started 4 January 2010, annualised salary £179,000"
310,Stratford-on-Avon,88.53,92.93,95.93,136.59,141.65,148.18,157.24,164.01,172.59,177.29,180.63,104.03,,Chief Executive,129620,131305,1.3,"Salary (Including fees & allowances) £113,095; Expenses allowances £611; Pension contributions £17,599"
311,Stroud,178.74,181.48,189.88,196.56,201.43,207.11,214.1,220.56,229.24,236.36,241.67,35.21,,Chief Executive,134721,137178,1.82,"Salary, fees and allowances  £110,568.96; Pension contributions £26,609.16"
312,Suffolk,627.75,671.22,751.41,890.28,924.48,947.97,990.63,1035.18,1073.88,1100.16,1126.53,79.46,Andrea Hill,Chief Executive,267775,267775,0.0,"Salary, fees and allowances £218,592; Pension contributions £49,183"
313,Suffolk Coastal,115.0,120.29,132.11,141.47,148.56,156.05,163.67,169.18,177.84,184.63,191.66,66.66,,Chief Executive,157518,158395,0.56,"Salary, fees and allowances £138,306; Benefits in kind £1,008; Pension contributions £19,081"
314,Sunderland,757.96,805.5,861.86,926.49,971.85,1018.47,1065.29,1102.58,1139.5,1172.54,1186.62,56.55,Dave Smith,Chief Executive,238967,229547,-3.94,"Salary (including fees & allowances) £193,148; Benefits in kind £7,905; Pension contributions £28,494"
315,Surrey,619.83,648.0,721.98,851.49,889.38,920.7,966.69,1009.62,1058.04,1089.18,1116.36,80.11,D McNulty,Chief Executive,176073,253133,43.77,"Salary £210,000; Expense allowances £12,053; Pension contributions £31,080. Started 13 July 2009, annualised salary £210,000"
316,Surrey Heath,103.99,114.46,134.31,152.9,161.67,169.08,176.75,181.14,189.47,198.53,203.01,95.22,,Chief Executive,145000,84000,-42.07,"Salary (including fees and allowances) £69,000; Expenses £1,000; Benefits in kind £3,000; Pension Contributions £11,000. Left 3 November 2010"
317,Sutton,672.58,721.76,781.2,874.14,938.84,983.87,1022.24,1072.31,1108.76,1140.89,1140.89,69.63,Paul Martin,Chief Executive,204242,112035,-45.15,"Salary, fees & allowances £92,303; Pension contributions £19,732;  Left office end of June 2010"
318,Swale,95.37,119.06,129.85,125.63,135.9,142.71,149.78,154.94,163.05,171.02,176.16,84.71,,Chief Executive,127757,178200,39.48,"Salary (including fees & allowances) £135,000; Pension contributions £43,200"
319,Swindon,666.06,709.83,817.62,938.65,961.95,993.24,1040.44,1076.32,1113.87,1153.04,1173.49,76.18,Gavin Jones,Chief Executive,206331,198393,-3.85,"Salary & allowances £171,188; Expenses £842; Pension contributions £26,363"
320,Tameside,845.97,892.54,923.08,957.99,982.83,1029.51,1057.63,1086.48,1112.73,1147.42,1169.14,38.20,Stephen Pleasant,Chief Executive,190800,192469,0.87,"Salary £166,929; Pension contributions £25,540"
321,Tamworth,85.4,93.52,99.97,106.87,114.87,120.67,126.58,132.78,139.28,145.55,149.55,75.12,,Chief Executive,125569,126959,1.11,"Salary, fees & allowances £106,773; Expenses allowances £1,419; Pension contributions £18,767"
322,Tandridge,113.64,125.1,136.67,154.73,161.83,169.7,178.1,184.86,191.82,200.84,206.4,81.63,S Weigel,Chief Executive,152837,153775,0.61,"Salary (including fees & allowances) £128,106; Expense allowances £224; Benefits in kind £4,307; Pension contributions £21,138"
323,Taunton Deane,98.73,104.71,114.69,117.54,125.19,130.67,134.68,137.74,141.88,142.62,146.8,48.69,,Chief Executive,121685,120221,-1.2,"Salary, fees & allowances £100,786; Expenses allowances £4,317; Pension contributions £15,118"
324,Teignbridge,118.12,124.72,136.17,148.6,152.34,154.16,158.0,164.03,175.19,184.77,194.38,64.56,,Chief Executive (shared with Torridge),133427,158380,18.7,"Salary (incl fees & allowances) £136,088; Benefits in kind £1,330; Pension contributions £20,962. Chief executive is contracted to Torridge Council and Teignbridge council was reimbursed £90,111 for remuneration of Chief executive"
325,Tendring,109.47,114.63,124.88,128.96,141.27,146.86,156.12,163.74,171.72,177.1,177.56,62.20,,Chief Executive ,145161,183254,26.24,"Salary, fees & allowances £96,461; Expense allowances £379; Pension contributions £13,213; Compensation for loss of office £73,201. Left post on 3 January 2011."
326,Test Valley,94.62,97.38,104.52,110.5,118.75,122.73,128.11,133.41,139.38,145.44,152.11,60.76,,Chief Executive,148000,147000,-0.68,"Salary (incl fees & allowances) £119,000; Car allowances & other expenses £6,000; Pension contributions £22,000"
327,Tewkesbury,84.71,89.01,101.08,102.46,104.7,109.99,114.72,120.87,129.11,135.95,140.99,66.44,,Chief Executive,62057,120435,94.07,"Salary, fees & allowances £105,000; Pension contributions £15,435.  Started 21 September 2009, annualised salary 105,000"
328,Thanet,132.47,137.42,152.12,158.85,174.92,182.96,191.0,199.54,208.54,218.51,226.2,70.76,,Chief Executive,142476,140037,-1.71,"Salary, fees & allowances £118,353; Other cash benefits £5,000; Pension contribution £16,684"
329,Three Rivers,128.28,135.85,147.94,169.39,174.13,178.31,183.48,188.8,188.8,193.12,192.78,50.28,,Chief Executive,138473,140745,1.64,"Salary £116,181; Expenses allowances £1,239; Pension contribution £23,325"
330,Thurrock,648.45,698.4,766.17,916.56,904.05,937.08,974.25,1011.78,1037.07,1073.43,1105.56,70.49,Graham Farrant,Chief Executive,0,139091,0.0,"Salary, fees & allowances £124,273; Pension contribution £14,818. Started 2 August 2011, annualised salary £185,000."
331,Torbay,732.67,787.03,873.18,957.63,985.94,1033.88,1083.99,1137.17,1184.25,1231.16,1265.01,72.66,Elizabeth Raikes,Chief Executive,180000,175000,-2.78,"Salary £151,000; Expenses £1,000; Pension contribution £23,000"
332,Torfaen,624.09,653.63,716.19,823.97,892.4,939.59,986.12,1030.23,1070.41,1108.1,1145.38,83.53,,Chief Executive,133465,133749,0.21,"Salary (incl fees & allowances) £144,204, Income £7,000, Taxable expense allowances £984, Pension contribution £25,561. Salary includes a fee for acting as returning officer for elections of £2,926 and income of £7,000 is shown in respect of fees earned by the individual but donated to the Authority."
333,Tower Hamlets,586.7,629.68,642.27,732.22,766.69,797.28,797.28,836.37,865.64,885.52,885.52,50.93,K A Collins,Chief Executive,204261,215583,5.54,"Salary, fees and allowances £186,336; Expenses £192; Pension contribution £29,055"
334,Trafford,630.46,675.66,715.53,790.65,849.16,895.78,941.43,987.5,1036.22,1085.94,1106.34,75.48,J Callender,Chief Executive,57000,205000,259.65,"Salary (incl fees & allowances) £170,000; Bonuses £6,000; Benefits in kind £3,000; Pension contribution £26,000;  Appointed to post 7 September 2009, annualised salary £170,000"
335,Tunbridge Wells,106.4,110.28,115.17,126.08,137.31,143.25,149.7,157.91,166.04,173.7,180.76,69.89,,Chief Executive,131856,127527,-3.28,"Salary £112,316; Pension contribution £15,211"
336,Uttlesford,125.27,130.36,139.08,149.21,158.9,170.36,180.4,183.13,191.4,199.49,209.58,67.30,,Chief Executive,116810,117658,0.73,"Salary, fees and allowances £102,151; Benefits in kind £2,738; Pension contribution £12,769"
337,Wakefield,712.89,745.46,785.38,878.14,903.98,939.02,971.71,1005.7,1056.34,1095.78,1122.58,57.47,Joanne Roney,Chief Executive,222172,220451,-0.77,"Salary (incl fees & allowances) £193,343; Pension contribution £27,108"
338,Walsall,774.05,835.91,902.38,1082.27,1113.66,1156.94,1200.17,1246.87,1283.01,1332.66,1384.64,78.88,Paul Sheehan,Chief Executive,213893,226582,5.93,"Salary, fees and allowances £189,533; Bonuses £11,201; Expense allowances £1,358; Pension contribution £24,490"
339,Waltham Forest,754.61,777.22,805.09,946.14,1003.37,1050.0,1076.25,1103.16,1130.73,1152.21,1152.21,52.69,Andrew Kilburn,Chief Executive,257243,432213,68.02,"Salary (incl fees & allowances) £50,000; Compensation for loss of office £150,590; Pension contributions £231,623. Left  June 2010, annualised salary £225,000. Employers pension contributions include a sum payable in 2011-12 to reimburse the pension fund for early payment of pension."
340,Waltham Forest,754.61,777.22,805.09,946.14,1003.37,1050.0,1076.25,1103.16,1130.73,1152.21,1152.21,52.69,Martin Esom,Chief Executive (Formerly Executive Director of Environment and Regeneration),181889,210834,15.91,"Salary (incl fees & allowances) £173,796; Pension contribution £37,038.  Started as Chief Executive June 2010, annualised salary £180,000. "
341,Wandsworth,261.31,304.92,228.68,359.63,359.63,359.63,359.63,377.25,377.25,377.25,377.06,44.30,G Jones,Chief Executive & Director of Administration,356891,227420,-36.28,"Salary (incl fees & allowances) £170,414; Bonuses £18,232; Expense Allowances/Medical Insurance £2,476; Pension contribution £36,299. Retired December 20 2010, annualised £229,150."
342,Wandsworth,261.31,304.92,228.68,359.63,359.63,359.63,359.63,377.25,377.25,377.25,377.06,44.30,P Martin,Chief Executive and Director of Administration,0,106132,0.0,"Salary (incl fees & allowances) £88,401; Expense allowances/Medical Insurance £786; Pension contribution £16,945. Started October 19 2010, annualised remuneration  £189,019."
343,Warrington,714.22,758.37,818.05,906.46,900.07,944.71,991.05,1039.81,1088.02,1131.14,1158.32,62.18,Diana Terris,Chief Executive,191000,198519,3.94,"Salary (incl fees & allowances) £165,866; Expenses allowances £1,239; Pension contribution £31,414"
344,Warwick,94.1,101.3,112.78,119.35,129.44,136.2,143.91,151.06,157.57,163.12,167.26,77.75,,Chief Executive,129822,126985,-2.19,"Salary (incl fees & allowances) £111,469, Pension contributions £15,516"
345,Warwickshire,677.68,713.6,801.04,865.14,922.21,949.5,996.28,1045.21,1085.98,1128.18,1155.25,70.47,Jim Graham,Chief Executive,204242,204100,-0.07,"Salary (incl fees & allowances) £172,866; Expense allowances £5,102; Benefits in kind £1,239; Pension contributions £24,893"
346,Waverley,128.9,134.73,143.96,156.89,165.4,173.37,179.39,183.94,192.02,199.18,204.12,58.36,,Chief Executive,144836,145120,0.2,"Salary £113,378, Expense allowance £6,540, Benefits in kind £6,587, Pension contributions £18,615"
347,Wealden,155.54,163.28,178.3,186.24,197.51,206.52,216.56,225.81,237.54,244.21,250.13,60.81,,Chief Executive,154386,153673,-0.46,"Salary (incl fees & allowances) £119,179; Benefits in kind £8,881; Pension contributions £25,613"
348,Wellingborough,39.98,64.98,107.93,113.09,121.75,127.67,133.64,139.4,144.55,144.26,148.25,270.81,,Chief Executive,147685,39858,-73.01,"Salary, fees and allowances £31,111; Expenses allowances £378; Pension Contributions £8,368. Left June 2010"
349,Welwyn Hatfield,142.69,150.09,158.12,182.5,193.99,203.26,212.7,218.27,223.69,230.24,231.63,62.33,Michel Saminaden,Chief Executive,126000,135000,7.14,"Salary £107,000; Expenses £2,000; Pension contributions £26,000"
350,West Berkshire,821.03,875.22,948.48,1027.39,1064.86,1107.6,1141.05,1173.1,1219.05,1266.04,1290.71,57.21,,Chief Executive,158431,158697,0.17,"Salary (incl fees & allowances) £138,418; Pension contribution £20,279"
351,West Devon,165.25,144.8,162.41,169.77,185.68,195.56,204.44,214.47,229.04,235.88,240.81,45.72,,Chief Executive (Shared equally with South Hams),137295,110162,-19.76,"Salary £95,346; Benefits £989; Pension contribution £13,827.  Left 31 December 2010. Shared with South Hams who reimburse half the cost."
352,West Dorset,108.98,116.47,127.35,144.51,154.58,163.18,168.8,173.56,181.42,186.65,189.71,74.08,D Clarke,Chief Executive,115892,119842,3.41,"Prior to Partnership (8 months): Salary £60,976; Benefits in kind £4,980; pension contribution £8,068. Post partnership: West Dorset DC contribution £22,909, Weymouth and Portland BC contribution £22,909. Will eventually be employed by Weymouth and Portland BC."
353,West Dunbartonshire,999.0,1024.0,1050.0,1070.0,1089.0,1113.0,1138.0,1163.0,1163.0,1163.0,1163.0,16.42,David McMillan,Chief Executive,142260,141751,-0.36,"Salary, Fees and Allowances £119,925; Pension Contributions £21,826"
354,West Lancashire,128.19,146.64,155.67,164.7,168.2,173.72,179.04,186.81,193.37,196.76,196.86,53.57,,Chief Executive,139311,141273,1.41,"Salary £113,367; Expenses £433; Benefits in kind £6,420; Pension contribution £21,053"
355,West Lindsey,126.01,135.93,148.1,167.51,182.35,196.33,203.53,210.35,218.94,225.83,236.01,87.29,M Gill,Chief Executive,0,127468,0.0,"Salary incl fees & allowances £103,542; Expenses allowances £1,524; Pension contribution £22,402. Started 6 April 2010"
356,West Lindsey,126.01,135.93,148.1,167.51,182.35,196.33,203.53,210.35,218.94,225.83,236.01,87.29,,Chief Executive,116727,0,0.0,Left 7 March 2010
357,West Lothian,888.0,919.0,951.0,984.0,1028.0,1074.0,1101.0,1128.0,1128.0,1128.0,1128.0,27.03,G Hope,Chief Executive (Formerly Depute Chief Executive),129803,141327,8.88,"Salary fees & allowances £119,675; Pension Contributions £21,652. Became Chief Executive 1 October 2010"
358,West Lothian,888.0,919.0,951.0,984.0,1028.0,1074.0,1101.0,1128.0,1128.0,1128.0,1128.0,27.03,A Linkston,Chief Executive,154346,89243,-42.18,"Salary fees & allowances £74,380; Pension Contributions £14,863"
359,West Oxfordshire,76.21,77.32,78.22,99.94,109.12,112.9,115.96,121.2,127.41,133.07,138.03,81.12,,Chief Executive,142763,145744,2.09,"Salary £101,691; Honorarium £15,000; Benefit in kind £4,220; Pension contribution £24,833 -  Shared 50 per cent with Cotswold Council"
360,West Sussex,620.46,660.78,724.95,859.32,910.26,954.18,1001.34,1050.84,1098.0,1133.64,1161.99,87.28,Kieran Stigant,Chief Executive,183342,207693,13.28,"Salary, fees and allowances £164,905; Expense allowances £9,046; Benefits in kind £926; Pension contribution £32,816"
361,West Sussex,620.46,660.78,724.95,859.32,910.26,954.18,1001.34,1050.84,1098.0,1133.64,1161.99,87.28,Mark Hammond,Chief Executive,266470,397232,49.07,"Salary, fees and allowances £232,408; Expense allowances £1,991; Compensation for loss of employment £140,000; Pension contribution £22,834"
362,Westminster,235.35,259.28,271.28,345.76,363.83,363.54,370.55,377.96,377.97,378.02,378.07,60.64,Mike More,Chief Executive,234500,232604,-0.81,"Salary (incl fees & allowances) £200,379; Expenses allowances £164; Pension contributions £32,061"
363,Wigan,794.73,865.41,907.7,966.8,994.75,1042.06,1075.4,1113.03,1135.33,1158.05,1172.87,47.58,Joyce Redfearn,Chief Executive,228876,238258,4.1,"Salary £193,150; Election fees £14,977; Pension contribution £30,131"
364,Wiltshire,641.53,693.62,762.6,845.26,852.15,885.42,929.25,973.85,1020.59,0.0,0.0,#VALUE!,A Kerr,Chief Executive,30021,225830,652.24,"Salary incl fees & allowances £183,000; Expense allowances £15,380; Pension contributions £27,450. Started 10 February 2010, annualised salary £183,000"
365,Wiltshire,641.53,693.62,762.6,845.26,852.15,885.42,929.25,973.85,1020.59,0.0,0.0,#VALUE!,K Robinson,Chief Executive,484832,0,0.0,"Left 09 February 2010, annualised salary £161,324"
366,Winchester,116.17,123.01,133.43,141.14,147.58,153.31,164.0,170.44,179.0,184.42,188.36,62.14,,Chief Executive,116000,117000,0.86,"Salary £94,000; Taxable expenses & benefits £4,000; Pension payments £18,000"
367,Wirral,911.01,952.7,940.6,1000.33,1012.99,1052.4,1099.32,1144.66,1184.68,1237.18,1253.2,37.56,,Chief Executive,159188,237117,48.95,"Salary £67,670; Compensation for loss of office £157,537; Pension contributions £11,910. Retired in 2010-11"
368,Woking,137.33,145.97,152.28,160.55,166.77,174.11,182.52,190.62,190.62,199.8,204.75,49.09,,Chief Executive,130995,129605,-1.06,"Salary incl fees & allowances £110,974; Benefits in kind £1,985; pension contributions £16,646; Includes payments for Borough and General election duties held during 2010-11"
369,Wokingham,828.19,883.56,943.7,1032.27,1030.87,1052.16,1083.29,1118.45,1173.14,1228.17,1251.56,51.12,Susan Law,Chief Executive,181101,181281,0.1,"Salary incl fees & allowances £157,187; Pension contribution £24,094"
370,Wolverhampton,913.77,954.92,994.31,1024.19,1054.2,1101.63,1155.55,1212.3,1271.87,1316.72,1316.72,44.10,Mr Simon Warren,Chief Executive,8122,180615,2123.77,"Salary incl fees & allowances £134,755; Expenses allowances £1,989, Employer's pension contribution £27,161; the post of Chief Executive was held by three individuals during 2009-10, including, on an acting-up basis, the Director of Regeneration and Environment."
371,Wolverhampton,913.77,954.92,994.31,1024.19,1054.2,1101.63,1155.55,1212.3,1271.87,1316.72,1316.72,44.10,Mr Richard Carr,Chief Executive,102695,0,0.0,
372,Worcestershire,611.67,672.62,727.94,822.35,824.52,857.03,899.37,943.8,984.77,1013.72,1039.06,69.87,Mrs T Haines,Chief Executive,216931,216999,0.03,"Salary £183,010; Pension contribution £33,989"
373,Wrexham,701.15,728.64,784.35,850.27,910.59,930.96,962.0,1002.29,1034.52,1068.98,1100.54,56.96,,Chief Executive,133340,133736,0.3,"Salary £109,040; Other payments £48; Pension contributions £24,207"
374,Wycombe,114.5,124.84,130.75,136.04,140.12,144.51,149.37,153.51,158.48,163.32,165.89,44.88,K Satterford,Chief Executive,174204,162458,-6.74,"Salary including fees & allowances £140,487; Benefits in kind £395; Pension contributions £21,576"
375,Wyre,112.13,117.25,129.56,133.71,146.1,153.35,160.2,167.62,174.6,182.1,188.92,68.48,,Chief Executive,123863,115497,-6.75,"Salary (including fees & allowances) £72,688; Expense allowances £1,265; Pension contributions £41,544"
376,Wyre Forest,145.52,152.59,161.26,169.21,177.33,184.47,189.16,194.69,200.23,205.59,210.74,44.82,Mr I Miller,Chief Executive,45256,151798,235.42,"Salary (including fees & allowances) £114,835; Benefits in kind £2,403; Pension contribution £30,672; Returning Officer Fees £3,888. Started 9 December 2009"
377,York,690.75,734.03,785.12,832.32,856.44,898.53,948.14,990.18,1037.24,1071.07,1099.61,59.19,,Chief Executive,75000,156000,108.0,"Salary (incl fees & allowances) £132,000; Pension contributions £24,000. Started  5 October 2009, annualised salary £130,000."
